daily_study_hours,social_media_hours,tv_hours,part_time_job,sleep_hours,diet_quality,exercise_frequency_weekly,mental_health_rating,extracurricular_participation
0.0,1.2,1.1,0,8.0,0,6.0,0.813796296296,1
6.9,2.8,2.3,0,4.6,1,6.0,0.548142701525,0
1.4,3.1,1.3,0,8.0,2,1.0,0.618095043573,0
1.0,3.9,1.0,0,9.2,2,4.0,0.790709422658,1
5.0,4.4,0.5,0,4.9,0,3.0,0.42417211329,0
7.2,1.3,0.0,0,7.4,0,1.0,0.448566176471,0
5.6,1.5,1.4,1,6.5,1,2.0,0.439625544662,0
4.3,1.0,2.0,1,4.6,0,0.0,0.349997276688,0
4.4,2.2,1.7,0,7.1,1,3.0,0.582121459695,0
4.8,3.1,1.3,0,7.5,1,5.0,0.69226171024,1
4.6,3.7,0.8,0,5.8,0,1.0,0.421300381264,0
3.9,2.4,2.5,0,7.9,0,2.0,0.560713507625,0
3.7,2.1,0.4,1,4.5,0,1.0,0.338756808279,0
3.4,2.7,2.7,0,4.7,0,4.0,0.536875,0
2.4,1.5,0.7,0,6.7,2,6.0,0.714059095861,0
3.1,5.0,1.0,0,6.5,1,6.0,0.602192265795,0
1.0,0.6,0.2,0,5.6,2,3.0,0.725732570806,1
3.4,2.7,1.2,0,7.5,2,0.0,0.631319444444,1
2.0,4.9,2.9,1,7.1,1,2.0,0.476627178649,0
1.8,2.5,2.4,0,7.5,0,1.0,0.559415849673,0
3.8,2.3,2.9,0,6.4,1,3.0,0.591112472767,0
5.6,2.1,2.4,0,7.2,0,1.0,0.492357026144,0
4.9,2.3,0.6,0,6.0,0,3.0,0.494293300654,0
1.1,4.1,1.4,1,9.0,0,6.0,0.599453976035,0
2.0,0.0,0.9,1,5.5,0,4.0,0.515539215686,0
4.9,4.3,3.3,0,9.0,0,1.0,0.601793300654,1
2.0,0.8,0.5,0,6.5,1,4.0,0.642946623094,0
3.2,2.2,2.8,1,4.8,0,5.0,0.488760893246,0
4.3,2.0,2.8,1,8.1,1,5.0,0.668932461874,1
2.0,3.2,3.8,1,6.7,2,6.0,0.725168845316,1
3.7,0.6,1.3,0,7.5,0,2.0,0.570215141612,0
1.5,3.1,2.6,1,8.0,0,4.0,0.633922930283,1
2.6,4.9,4.3,0,6.9,1,3.0,0.596779684096,0
4.0,0.9,1.1,0,5.8,2,2.0,0.580499727669,0
1.1,2.7,0.1,0,7.7,0,1.0,0.538944716776,0
4.2,1.7,0.0,1,6.5,1,1.0,0.414840686275,0
3.5,3.0,2.6,0,7.3,0,3.0,0.568003812636,0
4.3,2.5,0.0,1,3.9,1,0.0,0.308075980392,0
3.8,1.7,1.4,0,7.0,2,0.0,0.553473583878,0
5.5,3.1,2.3,0,5.7,1,1.0,0.469723583878,0
3.7,4.7,2.0,0,8.5,1,6.0,0.662043845316,0
2.9,2.3,2.3,0,7.2,1,6.0,0.693105936819,0
3.7,3.4,2.0,0,6.8,0,3.0,0.615585511983,1
4.3,0.9,3.2,0,7.1,2,0.0,0.588816721133,0
3.6,1.4,0.8,0,5.3,1,4.0,0.57790577342,0
3.6,3.1,1.1,0,8.4,0,1.0,0.599641884532,1
2.4,4.3,1.0,0,8.9,2,5.0,0.776003540305,1
2.5,2.9,2.7,0,7.0,1,4.0,0.719840686275,1
1.4,2.1,2.8,0,8.4,0,3.0,0.652400599129,0
6.1,2.5,2.3,0,5.8,2,5.0,0.606218681917,0
1.6,1.0,3.1,0,5.5,0,4.0,0.706440631808,1
2.5,3.2,0.5,0,6.5,2,0.0,0.522456427015,0
2.4,3.6,3.6,0,7.0,0,6.0,0.658480392157,0
4.8,2.0,3.5,0,6.0,1,0.0,0.582979302832,1
3.1,1.9,2.6,1,7.1,0,5.0,0.550687636166,0
5.4,2.8,3.8,0,6.9,1,2.0,0.554335511983,0
2.5,2.0,0.0,0,5.3,1,6.0,0.624215686275,0
3.9,2.4,1.2,0,7.1,1,1.0,0.609787581699,1
2.2,5.0,1.0,0,7.5,2,5.0,0.73140795207,1
6.7,2.2,2.6,0,6.7,1,3.0,0.624866557734,1
1.7,2.1,0.6,1,7.9,0,1.0,0.462013888889,0
4.0,1.7,2.6,0,5.0,0,4.0,0.551055283224,0
4.5,3.4,3.3,1,7.1,1,6.0,0.566560457516,0
4.1,2.3,2.6,1,5.1,0,3.0,0.425540577342,0
3.2,1.7,2.1,0,5.2,1,3.0,0.651098856209,1
3.3,4.1,0.7,0,5.7,2,0.0,0.474426742919,0
3.6,4.2,0.9,0,5.4,1,4.0,0.529387254902,0
3.3,1.8,3.2,0,5.8,2,0.0,0.557088779956,0
4.9,0.3,2.7,1,6.2,1,0.0,0.436237745098,0
6.8,3.7,1.8,0,7.5,2,6.0,0.631458333333,0
2.7,1.7,1.3,0,6.1,2,2.0,0.678903867102,1
1.4,3.4,0.0,0,4.6,0,0.0,0.496544117647,1
3.4,0.1,0.6,0,7.9,0,1.0,0.639513888889,1
7.4,3.6,3.9,0,5.5,0,3.0,0.542189542484,1
2.3,1.0,0.4,0,6.4,0,6.0,0.646587690632,0
6.0,3.4,2.0,1,7.0,0,0.0,0.414997276688,1
6.0,2.5,2.9,0,6.7,2,5.0,0.719372276688,1
2.7,1.4,0.4,0,7.8,0,1.0,0.542028867102,0
4.4,2.0,2.0,1,7.1,1,4.0,0.525315904139,0
5.9,3.3,2.8,1,5.5,1,3.0,0.421322167756,0
2.9,2.6,1.8,0,9.1,1,6.0,0.727573529412,0
3.2,3.2,5.0,0,6.7,1,5.0,0.673436819172,0
2.6,4.9,0.0,1,6.3,0,6.0,0.469742647059,0
2.0,0.6,3.0,0,7.7,2,6.0,0.877066993464,1
2.5,4.4,1.6,0,6.8,0,5.0,0.582086056645,0
1.7,2.6,2.6,0,7.0,1,4.0,0.658101851852,0
3.6,1.4,2.3,0,9.5,1,5.0,0.730127995643,0
2.3,0.9,1.0,0,6.2,0,1.0,0.607351579521,1
3.9,2.3,2.1,0,6.1,2,6.0,0.678329248366,0
1.2,3.6,0.0,0,6.6,2,4.0,0.712990196078,1
4.0,2.3,2.5,0,7.8,0,6.0,0.658323801743,0
4.8,4.3,2.1,0,4.7,0,5.0,0.498280228758,0
0.5,0.8,2.5,1,4.1,2,4.0,0.582380174292,0
4.1,2.5,3.0,0,5.8,1,4.0,0.593549836601,0
5.3,1.0,2.2,0,4.5,0,0.0,0.422813180828,0
1.7,2.9,2.0,0,6.0,1,0.0,0.518587962963,0
6.0,3.6,0.8,0,7.1,1,0.0,0.439302832244,0
4.1,2.0,1.0,0,5.4,1,5.0,0.588295206972,0
2.4,0.0,3.1,0,4.8,1,3.0,0.701906318083,1
3.4,2.7,3.4,0,6.6,1,1.0,0.553078703704,0
4.3,3.0,1.5,0,7.5,1,5.0,0.705923202614,1
3.6,3.0,1.9,0,4.5,1,6.0,0.594202069717,0
4.3,4.0,0.8,0,7.5,0,0.0,0.438469498911,0
2.1,1.2,3.1,0,7.5,1,4.0,0.69720043573,0
3.8,3.3,2.5,0,7.6,1,5.0,0.646436546841,0
1.4,3.9,3.9,1,8.0,1,4.0,0.673280228758,1
3.3,0.4,0.8,0,9.1,1,6.0,0.826949891068,1
2.1,2.9,1.4,0,6.1,0,4.0,0.571806917211,0
2.4,1.9,2.1,0,6.6,2,4.0,0.754799836601,1
5.4,2.4,2.5,0,6.0,0,2.0,0.48674291939,0
5.1,2.9,1.6,0,6.5,0,3.0,0.586828703704,1
4.4,1.9,0.8,0,8.3,1,1.0,0.554413126362,0
1.9,1.7,2.8,0,4.9,0,1.0,0.593577069717,1
3.0,2.5,2.6,0,5.5,0,0.0,0.466202342048,0
5.3,1.2,0.8,0,8.2,0,2.0,0.540822440087,0
3.7,1.2,3.3,0,7.7,2,5.0,0.735261437908,0
7.0,3.3,3.1,0,6.1,1,5.0,0.641354847495,1
4.1,1.1,1.9,0,7.5,1,1.0,0.571003540305,0
3.8,3.3,1.9,0,6.9,2,3.0,0.683380991285,1
3.0,3.1,2.4,1,8.3,0,4.0,0.531989379085,0
3.7,0.4,0.9,0,6.6,0,6.0,0.645539215686,0
3.3,1.7,1.8,0,7.7,2,0.0,0.585723039216,0
4.6,3.9,0.0,0,9.7,2,3.0,0.619865196078,0
4.9,1.3,2.8,0,7.2,1,1.0,0.55896922658,0
2.3,1.9,0.1,0,6.6,0,2.0,0.530268246187,0
1.5,3.1,3.5,0,7.4,0,0.0,0.542256263617,0
0.7,3.4,1.4,1,6.1,2,1.0,0.488804466231,0
4.3,2.2,1.6,0,9.4,1,5.0,0.689904684096,0
1.8,1.8,1.1,0,6.7,1,0.0,0.541614923747,0
0.3,4.2,1.5,0,6.2,1,1.0,0.621511437908,1
4.1,4.6,3.4,0,5.5,2,5.0,0.610934095861,0
7.2,3.7,0.0,0,7.8,1,6.0,0.571899509804,0
3.5,2.6,3.2,1,7.5,0,5.0,0.629392701525,1
4.8,1.5,2.2,0,5.9,0,4.0,0.63726171024,1
3.6,1.5,0.5,0,7.2,0,2.0,0.535752995643,0
3.4,3.1,0.6,0,4.7,0,4.0,0.498263888889,0
4.9,3.0,3.6,0,6.7,1,1.0,0.526446078431,0
3.1,4.2,0.8,0,7.0,1,6.0,0.626729302832,0
3.9,3.3,0.5,0,8.5,0,3.0,0.554208877996,0
4.0,0.7,3.1,0,5.6,1,6.0,0.675546023965,0
2.5,3.8,2.2,0,5.0,1,6.0,0.615558278867,0
5.0,1.3,0.8,0,5.4,1,6.0,0.607574891068,0
3.2,2.0,2.0,0,4.9,0,4.0,0.628159041394,1
2.4,2.8,0.7,0,8.1,0,3.0,0.583017429194,0
4.3,4.9,3.0,0,8.4,0,5.0,0.681687091503,1
2.2,6.2,3.0,0,6.9,1,1.0,0.510204248366,0
3.5,3.2,2.4,0,8.0,2,2.0,0.62045751634,0
3.5,2.3,2.2,0,6.7,0,3.0,0.64020288671,1
5.1,3.1,3.7,0,6.4,0,1.0,0.481689814815,0
4.2,3.6,1.8,1,6.1,0,3.0,0.412549019608,0
3.5,2.1,0.5,1,6.1,1,4.0,0.492101034858,0
4.7,4.7,2.3,0,4.6,1,1.0,0.426341230937,0
5.6,2.8,4.1,0,6.8,1,4.0,0.602750544662,0
4.3,3.1,0.7,0,6.5,1,0.0,0.462196350763,0
3.5,3.3,1.4,0,7.4,0,1.0,0.497101034858,0
1.5,3.0,2.3,0,6.6,0,3.0,0.581353485839,0
1.9,3.5,1.7,1,6.3,0,0.0,0.38353077342,0
3.0,1.8,0.7,0,5.5,2,4.0,0.617845860566,0
2.6,1.8,3.0,0,6.6,0,4.0,0.699812091503,1
3.2,1.2,4.4,0,7.4,1,3.0,0.669547930283,0
3.6,3.0,2.0,0,5.1,0,0.0,0.427350217865,0
4.3,3.4,0.8,0,6.6,1,6.0,0.610552832244,0
3.4,3.0,0.1,0,6.8,0,5.0,0.570231481481,0
4.2,4.5,2.1,0,5.6,2,2.0,0.519285130719,0
3.6,2.5,3.0,0,5.8,2,3.0,0.690706699346,1
0.5,3.3,2.3,0,6.8,0,4.0,0.623375544662,0
2.1,1.2,1.8,0,5.1,0,1.0,0.509607843137,0
3.3,2.0,1.2,1,6.9,2,0.0,0.461209150327,0
1.7,3.3,0.6,0,5.4,0,5.0,0.647013888889,1
4.4,3.5,2.7,1,7.8,0,2.0,0.441727941176,0
5.8,2.1,2.8,0,9.3,0,1.0,0.547253540305,0
5.3,2.4,0.1,0,5.5,1,0.0,0.50378540305,1
3.2,0.7,3.5,0,7.1,1,5.0,0.70808959695,0
5.7,2.1,2.4,0,5.6,0,3.0,0.580592320261,1
3.7,3.6,3.3,1,7.7,1,5.0,0.566928104575,0
3.0,3.2,0.3,0,5.0,1,3.0,0.514836601307,0
2.6,3.1,0.3,0,7.1,1,6.0,0.731270424837,1
3.0,2.6,1.6,0,5.5,0,0.0,0.529512527233,1
2.9,2.5,2.4,1,6.3,2,5.0,0.586670751634,0
3.8,1.7,3.8,0,5.3,1,2.0,0.5631958061,0
3.7,3.3,2.6,1,7.5,0,5.0,0.523849400871,0
3.5,3.0,1.5,1,5.5,1,0.0,0.375040849673,0
4.2,3.1,0.7,0,7.2,1,1.0,0.506461056645,0
5.3,1.9,3.2,0,6.1,0,1.0,0.565752995643,1
4.9,0.0,0.7,0,6.4,0,5.0,0.598899782135,0
1.3,3.8,3.6,1,6.7,0,5.0,0.551642156863,0
0.0,1.9,1.5,0,5.6,0,3.0,0.591597222222,0
4.9,1.5,3.5,0,6.8,0,0.0,0.497256263617,0
1.4,3.3,2.5,0,8.3,0,3.0,0.702956154684,1
3.2,2.0,1.6,0,5.6,0,2.0,0.589733115468,1
1.7,3.8,1.2,0,7.9,2,6.0,0.720694444444,0
0.8,3.2,1.4,0,8.3,1,1.0,0.602456427015,0
4.3,3.3,2.3,0,5.5,2,4.0,0.5904833878,0
4.6,0.9,1.9,0,4.8,1,4.0,0.573430010893,0
2.6,4.0,1.1,0,6.9,1,0.0,0.491247276688,0
0.0,2.8,1.6,0,5.8,0,0.0,0.506203703704,0
2.7,2.1,1.9,0,8.7,1,4.0,0.681959422658,0
4.1,2.7,0.0,0,6.5,0,0.0,0.509522058824,1
1.3,0.4,2.3,1,5.5,1,1.0,0.579466230937,1
3.8,3.0,0.7,0,5.1,0,2.0,0.454561546841,0
3.5,1.3,0.5,0,7.8,0,2.0,0.556267701525,0
4.4,0.9,0.0,0,5.8,0,3.0,0.515477941176,0
3.7,0.7,0.0,0,6.6,0,1.0,0.501580882353,0
2.0,3.8,0.3,0,7.6,0,6.0,0.627900326797,0
5.3,1.7,1.0,0,5.9,0,0.0,0.50691040305,1
3.3,4.3,3.9,0,6.4,0,0.0,0.46891748366,0
3.5,1.9,1.2,0,6.5,2,6.0,0.769554738562,1
2.1,0.5,2.0,0,7.3,2,3.0,0.777362472767,1
2.8,1.2,2.2,1,7.2,0,3.0,0.515680827887,0
2.2,4.0,1.9,0,6.2,2,0.0,0.605991285403,1
3.2,2.3,1.7,1,6.6,2,0.0,0.457256263617,0
6.1,1.8,0.5,0,6.1,1,6.0,0.671843681917,1
1.4,2.7,3.4,0,4.7,2,1.0,0.654206154684,1
1.1,3.1,3.8,0,6.8,1,6.0,0.722092864924,0
5.7,3.8,0.0,0,8.8,0,3.0,0.513161764706,0
3.2,4.2,0.7,0,5.4,1,6.0,0.663483115468,1
2.5,2.1,1.5,0,5.6,0,6.0,0.698729575163,1
5.1,0.9,0.7,0,5.5,0,6.0,0.58099537037,0
2.6,2.0,2.4,0,7.4,0,1.0,0.552173202614,0
6.2,2.8,1.0,0,7.0,0,5.0,0.542903050109,0
4.5,1.3,4.2,0,6.3,0,0.0,0.505935457516,0
2.8,1.4,3.1,0,5.4,2,4.0,0.741930827887,1
6.7,2.9,2.0,0,6.6,1,6.0,0.595352668845,0
2.6,2.4,2.9,0,4.6,0,4.0,0.557080610022,0
4.6,2.5,3.0,0,6.7,0,5.0,0.598892973856,0
3.9,1.6,1.2,0,7.5,1,0.0,0.609787581699,1
5.5,2.2,0.9,1,5.0,0,3.0,0.375024509804,0
5.8,1.4,1.9,0,4.7,1,4.0,0.620378540305,1
3.5,3.6,2.7,0,8.4,0,3.0,0.665735294118,1
2.4,3.7,2.0,0,5.8,1,4.0,0.666235021786,1
4.2,0.3,0.1,0,7.9,2,3.0,0.730905501089,1
2.5,1.4,0.9,0,6.3,1,6.0,0.673799019608,0
6.5,0.7,1.7,0,6.3,1,4.0,0.578187636166,0
3.7,1.7,1.7,0,7.0,0,3.0,0.648016067538,1
3.0,2.4,4.0,0,5.4,2,5.0,0.677984749455,0
3.8,0.8,0.3,0,6.7,0,1.0,0.504885620915,0
1.5,1.4,2.4,0,6.0,1,3.0,0.631168300654,0
2.0,1.3,3.4,1,4.9,0,1.0,0.438201252723,0
5.3,2.7,4.3,0,6.9,0,1.0,0.587049291939,1
2.5,2.6,1.4,0,6.2,2,0.0,0.539539760349,0
1.9,1.6,2.3,0,6.3,0,6.0,0.668044662309,0
4.3,2.7,2.4,1,5.0,0,5.0,0.459048202614,0
5.3,1.8,2.0,0,8.4,1,1.0,0.560683551198,0
4.6,2.2,1.7,0,7.6,0,2.0,0.532758714597,0
5.0,4.5,2.3,0,7.7,1,6.0,0.62729711329,0
2.4,4.1,0.0,0,6.1,0,1.0,0.528272058824,1
1.4,0.9,2.6,1,4.4,2,3.0,0.548604302832,0
5.8,3.5,1.9,0,8.8,0,1.0,0.575170206972,1
3.0,3.5,1.6,0,6.4,0,3.0,0.530137527233,0
3.1,1.1,4.1,0,5.6,1,3.0,0.703743191721,1
5.5,3.5,1.1,1,7.0,1,2.0,0.4119458061,0
4.3,4.3,1.4,0,7.9,0,1.0,0.4767333878,0
4.2,1.2,4.0,0,6.5,0,1.0,0.5401416122,0
6.7,1.4,0.9,0,8.0,0,4.0,0.558848039216,0
2.5,3.7,1.2,1,7.8,1,6.0,0.582618464052,0
4.9,2.8,1.6,0,5.2,1,4.0,0.538066448802,0
3.6,3.2,2.7,0,5.7,1,0.0,0.482303921569,0
3.9,2.9,2.0,0,7.6,0,3.0,0.561431100218,0
5.8,3.0,0.4,0,3.2,0,2.0,0.367322984749,0
4.3,0.9,1.2,0,6.3,0,4.0,0.572520424837,0
4.3,3.8,1.1,0,4.8,0,1.0,0.404163943355,0
5.1,3.9,1.7,1,5.9,0,0.0,0.389560185185,1
3.0,2.2,2.3,0,6.1,2,2.0,0.59904956427,0
2.2,2.4,2.3,1,6.1,2,5.0,0.594417211329,0
1.9,0.7,0.0,0,5.8,1,1.0,0.546678921569,0
0.6,3.1,3.0,0,5.2,1,1.0,0.554064542484,0
6.6,3.2,2.1,0,9.3,0,5.0,0.682140522876,1
1.8,2.4,3.3,1,8.7,0,3.0,0.564624183007,0
3.2,3.8,2.3,0,5.1,0,3.0,0.498853485839,0
3.1,2.1,3.0,0,8.4,1,4.0,0.683696895425,0
4.0,3.2,2.3,1,6.0,1,4.0,0.566819172113,1
4.7,1.3,3.3,1,6.7,1,1.0,0.467406045752,0
4.8,2.5,2.4,1,6.4,1,6.0,0.547308006536,0
2.6,2.3,1.7,0,5.7,0,1.0,0.573677832244,1
3.2,2.8,4.3,0,7.7,0,4.0,0.717233115468,1
3.9,2.1,2.8,0,6.7,0,5.0,0.61578295207,0
3.1,2.3,2.4,1,5.9,0,4.0,0.565224673203,1
5.9,3.5,0.4,0,4.9,1,1.0,0.4070166122,0
4.2,2.0,0.4,0,5.4,0,2.0,0.549308278867,1
4.6,0.6,2.1,0,4.5,2,1.0,0.53285130719,0
4.5,4.6,2.0,0,6.5,0,2.0,0.466467864924,0
5.3,4.2,1.1,1,5.1,1,2.0,0.354850217865,0
3.8,0.9,2.0,1,6.2,0,1.0,0.4256958061,0
1.6,3.3,3.5,1,8.1,1,6.0,0.647574891068,0
4.1,1.9,2.6,0,7.9,0,6.0,0.668040577342,0
2.5,2.8,0.5,1,6.5,2,0.0,0.519956427015,1
2.7,2.9,1.7,0,6.4,0,4.0,0.573163126362,0
4.4,2.2,0.9,0,8.8,1,6.0,0.767769607843,1
5.4,1.6,1.4,0,7.1,0,3.0,0.537946623094,0
3.5,1.7,1.3,0,6.1,1,1.0,0.60645288671,1
4.0,1.4,1.3,0,4.8,0,2.0,0.482421023965,0
6.1,1.5,0.4,0,7.0,2,1.0,0.526820533769,0
3.9,2.4,1.7,1,7.5,1,4.0,0.612194989107,1
7.4,1.6,1.2,0,5.7,0,5.0,0.594689542484,1
4.3,3.3,0.0,0,6.8,0,6.0,0.572242647059,0
0.9,4.3,4.1,0,6.1,1,6.0,0.690066721133,0
4.6,1.8,3.0,0,6.3,0,6.0,0.627017973856,0
4.1,2.8,1.4,0,3.5,1,2.0,0.456721132898,0
5.4,3.1,1.8,0,6.2,2,3.0,0.639914215686,1
4.5,3.1,0.5,0,7.7,0,3.0,0.527370642702,0
3.3,2.6,3.7,0,5.7,2,6.0,0.776996187364,1
1.7,3.4,3.9,1,6.6,1,3.0,0.537361111111,0
3.2,3.1,2.0,0,5.6,0,5.0,0.570034041394,0
2.2,1.0,2.9,0,6.9,1,6.0,0.731222766885,0
2.6,3.5,2.0,0,6.2,1,0.0,0.496455610022,0
4.4,3.6,0.3,0,5.4,0,2.0,0.514297385621,1
6.0,1.6,1.3,0,8.1,0,5.0,0.600876906318,0
4.1,2.5,1.9,1,7.6,0,2.0,0.448920206972,0
1.7,3.3,1.3,0,5.8,0,6.0,0.692384259259,1
4.2,2.2,1.6,0,7.1,0,5.0,0.680836056645,1
5.3,3.8,1.7,0,7.1,1,6.0,0.611239106754,0
2.6,5.3,1.7,1,7.3,1,5.0,0.520761165577,0
3.3,1.6,1.9,0,4.5,1,6.0,0.625746187364,0
3.5,0.8,0.6,0,7.7,1,0.0,0.54795751634,0
2.3,2.9,1.0,0,5.8,1,2.0,0.618184912854,1
4.5,3.4,0.4,0,6.1,0,5.0,0.53026416122,0
3.3,2.2,2.9,1,9.7,1,0.0,0.519311002179,0
4.1,4.2,0.0,0,6.9,1,1.0,0.549730392157,1
2.2,0.9,3.1,0,6.0,0,6.0,0.680227396514,0
2.8,3.3,3.3,0,3.9,1,4.0,0.638435457516,1
4.6,1.8,1.5,0,8.2,0,5.0,0.707295751634,1
2.9,4.6,0.0,1,4.9,1,3.0,0.473406862745,1
6.1,4.9,1.4,0,5.3,1,0.0,0.377052015251,0
2.9,1.6,1.7,0,6.1,1,0.0,0.51984204793,0
3.8,1.8,0.7,0,8.2,0,5.0,0.629561546841,0
4.9,3.5,1.2,0,7.4,1,0.0,0.474015522876,0
1.4,2.0,3.5,0,6.3,0,1.0,0.562145969499,0
0.9,2.4,2.5,0,6.9,0,0.0,0.538654684096,0
1.2,2.5,0.8,1,5.8,1,4.0,0.522133714597,0
5.4,0.2,0.0,0,6.7,0,4.0,0.558455882353,0
2.7,2.5,1.4,0,6.6,1,6.0,0.664552015251,0
7.3,1.7,1.6,0,7.7,0,6.0,0.675505174292,1
2.7,1.9,2.3,0,7.7,0,3.0,0.608302015251,0
3.8,4.2,1.2,0,7.1,1,1.0,0.497802287582,0
5.8,1.0,2.4,0,6.1,0,4.0,0.556952614379,0
6.5,3.5,3.9,0,7.4,2,5.0,0.724113562092,1
6.6,2.2,2.7,0,6.4,1,2.0,0.595612745098,1
5.3,2.2,1.7,0,5.2,0,2.0,0.46040577342,0
5.0,3.4,1.6,1,6.0,1,2.0,0.485051742919,1
4.4,2.9,1.4,0,6.6,0,6.0,0.673718681917,1
4.7,3.2,3.1,1,7.6,0,5.0,0.517984749455,0
2.7,3.7,1.1,0,6.3,0,0.0,0.446774237473,0
2.3,2.1,1.8,0,5.0,0,5.0,0.586703431373,0
3.5,1.8,1.9,0,6.6,0,0.0,0.487633442266,0
3.2,1.2,1.2,0,6.6,0,2.0,0.623807189542,1
2.8,1.5,0.3,0,6.7,0,3.0,0.559407679739,0
4.5,6.0,2.2,1,7.6,2,3.0,0.552347494553,1
4.9,4.0,1.7,0,7.7,0,0.0,0.44621459695,0
3.6,0.9,2.4,0,5.8,2,2.0,0.606817810458,0
5.7,0.9,1.2,0,5.8,2,5.0,0.62698120915,0
1.8,3.1,3.1,0,5.3,1,3.0,0.586869553377,0
3.2,3.2,0.8,0,7.3,1,0.0,0.50121459695,0
2.4,3.2,3.7,0,8.2,1,5.0,0.785795206972,1
0.7,2.2,0.0,0,6.1,0,2.0,0.538897058824,0
3.4,2.3,2.3,0,6.2,1,1.0,0.534282407407,0
3.3,2.9,2.3,1,8.3,1,2.0,0.51229711329,0
5.8,2.6,0.9,1,7.1,1,6.0,0.52306372549,0
4.4,0.0,2.3,0,7.0,0,2.0,0.571427015251,0
2.0,2.2,3.2,0,5.1,1,5.0,0.646696623094,0
6.3,1.5,0.0,0,7.3,1,5.0,0.671531862745,1
5.3,2.7,2.4,1,5.4,1,4.0,0.459734477124,0
4.4,6.1,0.0,0,5.1,2,4.0,0.572144607843,1
3.2,2.9,0.7,0,6.1,0,5.0,0.567024782135,0
2.1,2.1,3.6,0,5.8,0,5.0,0.636899509804,0
2.9,3.6,1.2,0,6.2,0,1.0,0.46910130719,0
5.1,3.1,0.5,1,4.8,1,1.0,0.337615740741,0
6.3,3.0,1.6,0,7.7,2,2.0,0.635443899782,1
5.8,3.2,4.1,0,7.9,2,6.0,0.702554466231,0
2.8,5.0,0.0,1,4.2,0,3.0,0.336838235294,0
1.8,1.1,0.6,1,7.7,2,6.0,0.665665849673,0
3.7,3.1,3.4,1,5.5,0,1.0,0.469451252723,1
0.8,1.4,3.8,1,7.5,1,2.0,0.586761982571,0
4.0,3.2,1.7,0,6.4,0,6.0,0.594596949891,0
3.3,1.4,0.4,0,6.5,2,0.0,0.620607298475,1
2.8,2.0,4.1,1,6.3,0,4.0,0.531328976035,0
1.1,2.1,3.6,1,8.0,0,6.0,0.724546568627,1
4.3,3.7,2.5,0,5.0,2,3.0,0.548446350763,0
2.7,3.6,0.9,0,7.2,1,2.0,0.631519607843,1
1.7,1.0,1.7,0,7.8,1,6.0,0.744768518519,0
0.0,2.6,1.6,0,7.4,1,5.0,0.708287037037,0
3.5,1.6,2.2,0,9.3,1,0.0,0.596661220044,0
6.2,1.0,3.4,0,5.9,2,4.0,0.626375272331,0
6.0,2.2,2.8,1,7.6,1,0.0,0.417682461874,0
2.8,2.1,0.6,0,6.4,1,2.0,0.633435457516,1
2.6,5.4,3.3,0,8.0,1,1.0,0.550089869281,0
4.2,3.0,2.1,0,6.5,2,4.0,0.619910130719,0
2.0,0.8,2.6,0,6.0,1,0.0,0.561557734205,0
4.0,1.8,3.4,0,8.1,1,1.0,0.67686546841,1
4.6,3.7,0.6,0,5.9,1,3.0,0.584170751634,1
5.3,5.0,1.8,0,4.8,2,2.0,0.466053921569,0
3.3,0.6,1.2,1,5.9,1,2.0,0.479125816993,0
3.2,0.2,0.1,1,7.2,1,4.0,0.55459422658,0
2.2,4.7,2.2,0,8.2,1,0.0,0.533977396514,0
2.3,3.0,4.6,0,6.6,0,3.0,0.601309912854,0
3.2,1.5,0.0,0,8.1,1,5.0,0.666237745098,0
4.1,3.1,1.8,0,4.9,0,4.0,0.50868872549,0
4.9,0.0,2.5,1,6.0,0,5.0,0.525566448802,0
2.3,2.5,1.9,1,6.2,0,4.0,0.575684912854,1
5.7,2.9,1.7,0,6.4,1,0.0,0.533555283224,1
3.1,3.6,0.4,0,6.6,2,3.0,0.66038671024,1
3.5,1.3,2.1,0,7.3,0,0.0,0.517471405229,0
2.4,2.6,1.0,0,6.0,1,2.0,0.627045206972,1
0.0,1.4,0.0,0,6.7,1,5.0,0.769583333333,1
4.8,2.8,3.1,0,6.4,0,1.0,0.483720043573,0
4.6,1.4,2.9,1,5.4,1,6.0,0.633869825708,1
3.1,2.0,1.9,0,6.4,1,2.0,0.649275599129,1
3.6,1.3,2.1,0,6.3,2,2.0,0.687373366013,1
4.3,3.3,3.0,0,6.3,0,5.0,0.659187091503,1
1.2,3.5,2.0,0,6.5,2,4.0,0.661994825708,0
2.7,2.2,2.8,0,6.6,0,2.0,0.557584422658,0
4.7,2.5,1.5,0,6.0,0,6.0,0.582406045752,0
1.6,0.8,3.2,1,8.0,1,3.0,0.612505446623,0
3.9,2.1,2.2,0,5.1,1,2.0,0.525227396514,0
1.5,2.4,2.0,1,5.6,2,3.0,0.539825708061,0
4.2,5.6,0.4,0,9.8,2,0.0,0.608474945534,1
3.4,1.2,2.1,1,5.3,0,4.0,0.561111111111,1
1.1,4.3,0.9,0,4.9,0,3.0,0.500796568627,0
5.2,3.7,1.1,0,7.4,0,2.0,0.560156590414,1
2.4,2.8,0.9,0,4.0,1,4.0,0.62181372549,1
2.3,4.6,0.6,0,6.2,1,6.0,0.610383986928,0
3.8,2.9,4.1,1,9.1,0,4.0,0.566806917211,0
5.2,3.0,3.3,0,4.6,1,3.0,0.59420751634,1
2.0,2.4,3.9,0,4.1,0,3.0,0.624983660131,1
3.6,4.0,0.5,0,4.7,1,1.0,0.434711328976,0
4.1,3.8,1.9,1,7.6,0,1.0,0.399545206972,0
4.5,1.7,0.4,0,7.8,2,4.0,0.726305827887,1
3.8,0.9,1.0,0,5.9,1,5.0,0.626714324619,0
2.9,2.3,0.8,1,7.3,0,5.0,0.525050381264,0
2.3,1.5,3.2,0,8.2,1,1.0,0.632027505447,0
3.6,2.4,1.4,0,8.6,0,2.0,0.567211328976,0
1.9,4.0,3.0,0,6.2,2,0.0,0.627581699346,1
0.0,2.0,2.5,0,3.7,2,4.0,0.648703703704,0
4.2,2.4,4.3,0,5.5,0,0.0,0.472086056645,0
4.9,2.6,0.2,0,6.0,1,1.0,0.546075708061,1
0.0,3.5,3.2,0,6.2,0,3.0,0.601782407407,0
2.0,0.0,3.1,0,6.3,1,6.0,0.821465141612,1
4.4,1.8,0.7,0,7.8,1,4.0,0.69730664488,1
6.6,2.8,2.9,0,8.0,1,1.0,0.522325708061,0
3.5,3.9,2.2,0,6.3,0,2.0,0.57520288671,1
2.4,1.9,1.5,0,7.8,1,6.0,0.712577614379,0
3.2,0.2,0.9,0,6.9,0,4.0,0.615612745098,0
5.6,3.2,1.0,0,6.6,0,4.0,0.510991285403,0
2.5,1.7,4.1,0,7.6,2,5.0,0.756414760349,0
2.3,1.1,1.8,1,6.6,0,3.0,0.505453431373,0
2.8,1.8,2.7,0,9.0,2,4.0,0.818504901961,1
2.1,2.3,0.9,0,4.8,1,3.0,0.551482843137,0
3.7,1.8,0.9,1,5.9,0,1.0,0.386789215686,0
5.9,0.0,3.0,0,6.3,0,2.0,0.617826797386,1
4.0,3.6,0.3,0,7.0,1,6.0,0.694689542484,1
3.1,4.0,1.3,0,8.0,0,6.0,0.709553376906,1
3.1,3.3,1.8,0,6.5,0,2.0,0.512585784314,0
1.2,1.1,1.9,0,4.8,2,4.0,0.663013344227,0
4.8,2.3,1.6,1,7.5,1,4.0,0.516706154684,0
3.4,2.5,2.2,0,7.4,2,1.0,0.592384259259,0
3.2,3.2,2.6,1,4.2,0,5.0,0.452047930283,0
8.3,3.3,2.6,1,6.5,0,5.0,0.417672930283,0
3.9,1.6,0.7,1,4.6,1,5.0,0.484880174292,0
2.4,2.6,1.5,0,5.7,1,3.0,0.571952614379,0
2.9,3.0,3.1,0,5.4,1,5.0,0.621832788671,0
5.2,4.2,2.8,1,7.5,2,2.0,0.475133442266,0
3.7,3.3,0.3,1,6.6,0,6.0,0.492275326797,0
1.3,3.4,2.2,0,5.0,0,6.0,0.610901416122,0
4.9,2.6,0.0,1,7.6,2,3.0,0.496446078431,0
2.5,4.2,1.9,1,4.8,0,1.0,0.350280501089,0
6.3,3.0,3.9,1,6.9,0,2.0,0.41285130719,0
5.1,1.5,0.8,0,5.5,0,6.0,0.571226851852,0
2.8,4.2,0.9,0,6.1,1,2.0,0.511004901961,0
5.4,3.3,2.6,0,7.1,0,6.0,0.598849400871,0
3.6,2.0,0.1,0,7.1,1,0.0,0.58128540305,1
4.8,1.9,1.1,0,8.1,0,1.0,0.593465413943,1
4.2,2.9,2.5,0,6.4,0,1.0,0.483544389978,0
2.2,3.1,1.1,0,6.9,0,0.0,0.481847766885,0
2.5,2.7,1.5,0,6.0,2,3.0,0.60914624183,0
5.0,2.9,2.6,0,6.7,2,6.0,0.670074891068,0
3.0,4.5,2.3,1,7.0,0,6.0,0.521757897603,0
2.9,3.8,2.1,0,6.4,1,6.0,0.722017973856,1
2.1,2.7,1.4,0,4.3,1,5.0,0.668890250545,1
4.1,3.6,2.2,0,6.9,2,5.0,0.646906318083,0
6.6,1.3,1.7,0,6.9,1,5.0,0.685172930283,1
1.9,3.0,2.3,0,5.7,1,5.0,0.635127995643,0
3.5,4.7,1.3,1,5.0,1,5.0,0.45270288671,0
5.6,2.2,1.6,0,8.3,1,0.0,0.514463507625,0
3.4,1.5,0.7,0,7.1,0,1.0,0.51474537037,0
4.2,1.7,1.8,0,6.2,0,3.0,0.540674019608,0
1.9,1.2,0.9,0,5.1,0,2.0,0.604803921569,1
4.1,1.6,0.6,0,5.5,0,5.0,0.559035947712,0
3.2,2.1,2.1,0,8.1,0,0.0,0.527765522876,0
5.0,0.8,2.0,0,6.7,0,6.0,0.713894335512,1
5.3,2.5,2.7,1,5.8,1,3.0,0.532928921569,1
7.4,3.6,1.3,0,7.1,1,3.0,0.577004357298,1
4.4,1.4,2.2,0,5.5,1,3.0,0.644528867102,1
4.0,4.3,2.4,0,8.3,1,0.0,0.515175653595,0
3.8,3.1,2.3,0,8.1,1,2.0,0.584723583878,0
3.0,3.7,0.9,0,5.9,2,5.0,0.620183823529,0
4.0,1.7,2.0,0,5.7,0,3.0,0.534666394336,0
3.1,3.5,2.2,0,3.4,0,0.0,0.38726171024,0
3.8,1.2,1.8,0,4.7,1,6.0,0.627941176471,0
5.5,3.6,0.0,0,4.9,0,1.0,0.372941176471,0
2.0,2.7,2.0,0,6.7,1,6.0,0.684543845316,0
5.2,3.2,4.2,1,6.1,2,0.0,0.429624183007,0
5.5,1.1,1.4,0,4.9,0,0.0,0.415556917211,0
3.3,1.4,1.0,0,6.2,1,0.0,0.508662854031,0
0.3,3.2,2.2,0,7.1,2,3.0,0.756465141612,1
2.6,1.4,2.1,1,7.1,0,0.0,0.43647875817,0
5.4,3.1,3.1,0,4.2,0,1.0,0.412506808279,0
3.5,0.9,0.4,0,6.3,0,3.0,0.629786220044,1
2.0,3.5,2.6,0,4.8,1,6.0,0.630932734205,0
2.7,1.0,2.4,0,7.6,0,1.0,0.574158496732,0
4.8,3.2,1.6,0,7.4,0,4.0,0.633997821351,1
4.3,3.3,2.2,0,5.4,2,6.0,0.636501906318,0
3.1,1.7,2.9,1,5.6,1,0.0,0.509715413943,1
2.9,3.2,2.8,0,5.9,0,5.0,0.592805010893,0
2.9,2.8,0.5,0,3.8,1,5.0,0.627064270153,1
2.1,1.9,2.7,1,6.9,1,3.0,0.548149509804,0
5.9,1.3,1.7,0,6.2,0,5.0,0.646692538126,1
3.0,0.1,1.9,0,7.7,1,6.0,0.819165305011,1
5.3,2.9,1.9,0,5.2,1,3.0,0.588577069717,1
5.8,0.6,1.6,0,5.8,0,6.0,0.595100762527,0
5.0,2.6,3.1,0,4.7,2,0.0,0.483107298475,0
2.9,2.2,1.7,1,5.3,1,2.0,0.44859204793,0
4.1,3.3,0.6,1,5.1,1,2.0,0.385494281046,0
3.5,2.1,1.4,0,7.7,0,1.0,0.527101034858,0
2.1,2.1,2.0,0,5.7,0,0.0,0.5656958061,1
4.0,3.4,3.2,0,6.6,1,5.0,0.626402505447,0
1.7,2.9,2.5,0,6.0,1,0.0,0.60599537037,1
5.3,2.9,0.9,0,5.0,1,4.0,0.513762254902,0
2.8,3.1,4.5,0,6.3,0,2.0,0.556629901961,0
3.8,0.7,2.1,0,7.2,1,5.0,0.679260620915,0
3.9,3.4,3.2,0,5.1,0,6.0,0.662333877996,1
3.1,3.2,1.6,0,7.5,0,6.0,0.636497821351,0
4.4,1.3,2.4,0,5.5,1,2.0,0.624366830065,1
2.8,2.2,2.7,0,5.9,1,0.0,0.600171568627,1
4.8,2.5,3.1,1,7.1,0,5.0,0.596845043573,1
1.5,2.3,3.0,0,5.7,0,1.0,0.532348856209,0
3.7,2.9,2.8,0,6.5,1,6.0,0.657645697168,0
6.4,4.2,1.5,1,6.1,0,0.0,0.283031045752,0
2.0,3.8,1.2,0,6.7,1,1.0,0.607066993464,1
2.5,0.9,2.2,1,3.6,1,5.0,0.519933278867,0
4.3,3.2,2.8,0,4.3,2,2.0,0.519765795207,0
3.8,4.1,1.6,0,7.2,1,4.0,0.663103213508,1
4.0,3.0,3.0,0,7.7,1,3.0,0.688439542484,1
4.2,3.8,3.4,1,5.4,1,2.0,0.423336056645,0
4.5,4.9,0.8,0,6.2,1,1.0,0.443898420479,0
5.2,3.7,0.9,0,6.9,1,0.0,0.448026960784,0
4.1,2.8,1.6,0,7.3,2,6.0,0.688017429194,0
3.1,3.8,2.1,0,4.1,0,5.0,0.602655228758,1
4.5,2.7,1.2,1,5.4,1,2.0,0.486074346405,1
6.3,2.5,3.3,0,6.1,0,6.0,0.583337418301,0
3.3,2.1,2.3,0,7.3,2,6.0,0.725630446623,0
2.0,4.4,1.8,0,9.5,1,4.0,0.669705882353,0
5.2,1.5,0.2,1,6.2,1,5.0,0.496406590414,0
3.3,4.3,0.4,1,4.8,2,1.0,0.378732298475,0
0.2,3.1,2.1,1,7.0,1,5.0,0.68279003268,1
4.8,0.8,0.0,0,8.1,1,5.0,0.65112745098,0
2.7,2.9,2.9,0,6.6,0,0.0,0.495940904139,0
3.4,0.0,1.6,0,5.4,1,3.0,0.677037037037,1
4.0,3.3,5.4,0,7.6,0,6.0,0.677536764706,0
3.8,3.6,4.3,0,7.3,2,1.0,0.673311546841,1
4.6,1.8,1.6,0,5.3,0,0.0,0.511277233115,1
2.8,2.6,1.7,0,7.0,0,6.0,0.642023420479,0
4.3,4.8,2.9,1,7.7,0,3.0,0.444580610022,0
3.1,1.9,3.7,0,7.9,1,0.0,0.665317265795,1
4.6,1.2,0.0,0,6.4,1,3.0,0.554656862745,0
4.4,4.3,0.0,1,6.1,0,3.0,0.369227941176,0
2.1,4.9,1.1,0,8.0,1,3.0,0.5856958061,0
5.1,2.5,2.4,0,5.0,2,0.0,0.480347222222,0
2.7,3.7,2.3,0,7.0,2,5.0,0.753718681917,1
4.7,4.1,3.0,0,4.9,1,3.0,0.585461601307,1
4.1,1.6,0.5,0,7.8,2,5.0,0.761721132898,1
6.3,1.9,0.0,0,6.2,0,6.0,0.628198529412,1
3.2,4.0,2.7,0,8.0,1,6.0,0.761862745098,1
3.0,4.5,0.9,0,7.1,0,1.0,0.548517156863,1
3.5,3.2,0.0,0,5.0,1,4.0,0.526568627451,0
3.0,1.4,2.0,0,8.2,0,5.0,0.670438453159,0
4.7,4.9,2.7,0,8.4,2,6.0,0.681850490196,0
1.1,1.9,1.7,0,7.6,0,4.0,0.730148420479,1
1.9,2.1,1.3,0,5.6,0,3.0,0.551354847495,0
1.9,2.9,1.6,1,6.1,0,4.0,0.568299291939,1
4.9,4.4,1.4,1,6.7,0,4.0,0.419270152505,0
6.1,3.5,0.3,1,5.7,1,3.0,0.462005718954,1
3.3,3.0,1.0,0,8.5,1,5.0,0.661162854031,0
3.2,3.1,2.4,0,6.7,0,3.0,0.55345996732,0
3.6,2.6,2.2,0,3.3,0,1.0,0.417813180828,0
5.2,3.2,2.0,0,6.9,0,2.0,0.570364923747,1
2.1,0.0,0.7,0,6.1,1,0.0,0.549144880174,0
3.9,2.1,1.6,0,6.4,1,3.0,0.573838507625,0
5.0,2.8,0.0,1,6.1,0,3.0,0.466764705882,1
4.3,1.1,2.0,0,7.5,1,4.0,0.643955610022,0
3.8,3.0,3.4,0,7.8,0,1.0,0.537061546841,0
5.0,2.3,0.2,0,6.8,2,6.0,0.648269335512,0
0.0,4.6,1.2,0,6.1,2,6.0,0.690694444444,0
4.5,4.4,2.2,0,6.5,0,4.0,0.523180827887,0
2.5,1.9,3.2,1,6.5,0,5.0,0.555164760349,0
0.8,2.3,1.3,1,5.5,2,3.0,0.541183278867,0
4.3,2.4,1.0,1,7.2,1,3.0,0.482265795207,0
5.6,2.0,0.0,0,7.1,0,4.0,0.531176470588,0
3.3,2.7,1.9,0,8.3,0,3.0,0.591787854031,0
4.9,1.6,4.0,0,8.0,0,5.0,0.657788671024,0
5.9,1.1,2.1,1,5.7,2,2.0,0.545535130719,1
5.5,3.2,1.8,0,7.5,0,0.0,0.447107843137,0
6.0,3.3,2.2,0,5.4,0,0.0,0.469835239651,1
4.6,1.5,1.8,0,7.3,0,0.0,0.569865196078,1
3.6,3.6,0.9,0,5.9,2,2.0,0.616470588235,1
1.1,1.7,2.7,0,5.3,0,3.0,0.586213235294,0
3.1,2.8,2.0,0,6.8,2,4.0,0.729090413943,1
2.2,3.5,1.8,0,3.3,1,6.0,0.578051470588,0
6.8,2.5,0.7,0,4.4,1,1.0,0.401828703704,0
3.2,3.0,3.2,0,6.3,2,3.0,0.703853485839,1
3.7,1.9,2.5,0,6.6,0,2.0,0.62111791939,1
4.3,2.3,1.2,0,6.1,2,5.0,0.632937091503,0
3.6,2.3,2.9,0,4.6,0,2.0,0.491308551198,0
6.0,1.6,1.3,0,5.5,0,6.0,0.560876906318,0
2.6,2.3,0.9,0,7.0,0,0.0,0.489325980392,0
3.8,0.6,1.0,0,7.2,0,3.0,0.581505991285,0
2.4,1.9,0.0,0,6.5,1,6.0,0.657855392157,0
1.5,2.2,2.3,0,7.9,0,0.0,0.553853485839,0
2.6,2.2,0.0,0,7.0,0,1.0,0.502867647059,0
3.4,2.2,0.4,0,5.6,0,5.0,0.559675925926,0
2.9,2.4,0.0,0,6.2,1,0.0,0.562156862745,1
2.5,3.1,1.7,0,4.8,1,1.0,0.49127587146,0
1.4,3.5,1.6,0,6.4,0,2.0,0.533372821351,0
3.4,1.7,1.4,0,7.8,1,0.0,0.547199074074,0
1.2,1.1,0.7,0,7.3,0,0.0,0.621068899782,1
4.6,1.2,0.5,0,8.2,1,4.0,0.632064270153,0
3.6,1.9,2.3,0,6.1,1,5.0,0.715752995643,1
1.3,2.1,1.2,0,8.1,2,5.0,0.819628267974,1
3.0,1.6,2.1,0,6.3,1,6.0,0.759003267974,1
2.4,0.9,0.8,0,8.3,0,2.0,0.600123910675,0
4.0,2.0,2.0,0,6.5,0,4.0,0.654041394336,1
5.5,2.7,3.2,1,7.3,0,6.0,0.532223583878,0
0.7,3.2,2.4,0,8.3,1,1.0,0.699035947712,1
3.7,1.8,1.3,0,6.3,0,6.0,0.617715141612,0
3.3,2.0,2.1,0,6.8,2,1.0,0.66704248366,1
4.5,1.4,1.5,0,8.0,1,2.0,0.66989379085,1
3.8,2.5,1.8,0,6.3,2,5.0,0.651899509804,0
2.4,1.5,1.4,0,4.9,2,1.0,0.554429466231,0
3.0,3.2,1.6,0,9.1,0,2.0,0.658262527233,1
2.3,0.4,2.0,0,5.9,0,6.0,0.749041394336,1
5.1,2.1,0.7,1,6.7,0,1.0,0.45349537037,1
3.5,2.9,0.7,0,7.9,2,3.0,0.623397331155,0
6.4,2.7,0.3,1,5.8,1,0.0,0.319211601307,0
3.4,5.7,0.0,0,5.3,1,6.0,0.538958333333,0
2.4,2.9,0.5,0,6.8,0,5.0,0.675679466231,1
1.2,1.3,2.0,0,4.3,0,6.0,0.631578159041,0
0.8,2.4,0.8,0,6.2,0,3.0,0.652734204793,1
1.1,0.4,2.4,1,6.8,1,2.0,0.641977124183,1
3.9,2.4,1.8,0,6.2,2,2.0,0.574509803922,0
4.3,1.5,0.0,0,4.6,2,6.0,0.617659313725,0
1.1,3.6,2.5,0,8.4,1,3.0,0.738458605664,1
4.8,1.8,2.7,0,6.6,0,6.0,0.626544117647,0
2.8,2.4,0.7,0,8.2,0,0.0,0.510958605664,0
3.7,1.7,2.3,1,6.2,1,0.0,0.42523828976,0
5.9,4.6,0.9,0,5.4,1,4.0,0.481299019608,0
4.8,2.1,1.9,0,6.8,0,1.0,0.489067265795,0
3.1,4.7,0.4,0,6.2,1,4.0,0.541428376906,0
2.2,3.5,0.0,0,5.1,2,0.0,0.479718137255,0
0.3,3.1,1.4,1,8.3,1,3.0,0.573154956427,0
2.4,2.9,1.7,0,5.8,0,1.0,0.568457244009,1
3.2,3.0,1.4,1,4.3,1,3.0,0.423853485839,0
2.0,0.2,0.5,0,8.1,1,4.0,0.774196623094,1
3.3,2.2,1.4,0,5.9,1,2.0,0.622088779956,1
3.6,3.5,2.1,0,5.8,1,3.0,0.54529003268,0
3.2,2.4,1.8,0,4.4,0,4.0,0.605196078431,1
2.5,0.8,2.0,0,8.6,0,4.0,0.675511982571,0
3.8,2.4,1.1,0,5.0,0,4.0,0.519237472767,0
4.2,4.5,3.1,0,6.6,1,2.0,0.5257666122,0
1.9,4.0,0.5,1,7.6,1,2.0,0.552211328976,1
5.6,2.4,2.3,0,7.0,0,6.0,0.685250544662,1
3.4,3.6,3.1,0,6.4,1,2.0,0.551759259259,0
3.5,2.1,2.3,0,4.5,1,1.0,0.493767701525,0
4.6,0.5,1.6,0,5.5,1,2.0,0.623985566449,1
3.8,1.4,1.2,0,6.7,1,2.0,0.645302287582,1
4.9,4.4,2.9,0,5.6,0,2.0,0.453992374728,0
3.9,2.2,0.2,0,6.7,2,3.0,0.672056100218,1
2.6,2.2,0.7,0,7.3,2,2.0,0.612404684096,0
4.0,2.1,1.4,0,7.7,0,1.0,0.518277505447,0
1.8,4.8,3.2,0,5.0,1,4.0,0.573976034858,0
3.7,4.5,2.2,0,9.1,1,3.0,0.608756808279,0
3.5,5.2,0.7,1,7.4,1,0.0,0.449438997821,1
3.2,2.3,1.5,0,6.5,1,2.0,0.55845996732,0
3.3,2.9,1.1,0,7.8,2,6.0,0.705352668845,0
0.7,0.7,1.0,0,9.3,2,6.0,0.828503540305,0
2.7,4.3,2.9,0,4.8,2,4.0,0.591357570806,0
3.6,1.1,0.3,1,6.2,0,4.0,0.47529003268,0
3.7,2.8,3.6,0,3.6,0,3.0,0.570539215686,1
2.0,1.2,2.7,0,6.7,2,6.0,0.75637254902,0
5.4,1.8,3.0,1,6.9,0,0.0,0.387900326797,0
2.2,1.5,1.3,1,6.5,2,5.0,0.606477396514,0
5.0,1.8,1.6,0,5.7,1,6.0,0.617551742919,0
4.1,1.9,0.2,0,4.0,0,6.0,0.534985021786,0
2.5,1.8,1.2,1,6.9,0,1.0,0.437410130719,0
6.2,3.5,2.3,0,8.2,0,5.0,0.579037309368,0
1.7,1.2,3.2,0,5.8,1,4.0,0.743240740741,1
4.9,2.8,0.6,0,7.0,0,5.0,0.559918300654,0
5.0,4.0,1.4,0,4.6,0,6.0,0.512505446623,0
2.5,1.9,1.6,0,7.0,1,4.0,0.642294389978,0
5.6,1.6,0.3,0,6.0,0,5.0,0.540620915033,0
3.1,2.2,2.5,0,5.6,1,4.0,0.604414488017,0
3.9,3.9,1.0,0,5.6,0,4.0,0.502866285403,0
3.9,2.7,1.6,0,6.0,0,3.0,0.519255174292,0
3.3,1.9,1.3,0,7.0,2,0.0,0.637065631808,1
4.7,3.1,0.9,0,4.9,1,4.0,0.598100490196,1
4.7,1.2,1.8,0,6.0,0,1.0,0.486225490196,0
0.9,3.3,1.6,1,6.5,2,6.0,0.625113017429,0
5.5,3.0,1.4,0,5.2,0,6.0,0.617431917211,1
1.0,2.1,1.0,0,8.7,0,1.0,0.670292755991,1
5.0,1.5,2.2,0,5.5,2,2.0,0.560398965142,0
5.2,1.4,3.6,0,5.7,1,4.0,0.601151960784,0
1.9,3.1,2.0,0,5.3,1,4.0,0.593808551198,0
2.9,4.0,2.9,0,8.7,2,4.0,0.770953159041,1
1.8,1.7,0.3,0,7.2,0,5.0,0.635804738562,0
3.2,3.1,2.0,0,5.4,1,4.0,0.573367374728,0
3.0,0.0,0.6,1,7.8,0,4.0,0.550947712418,0
4.7,1.8,0.2,1,6.7,0,1.0,0.378771786492,0
5.5,2.5,1.0,0,6.8,0,0.0,0.510880991285,1
5.6,1.4,3.1,0,6.1,1,0.0,0.496685729847,0
2.7,1.4,2.8,0,5.6,1,2.0,0.660917755991,1
3.2,1.7,2.1,1,6.9,1,1.0,0.553598856209,1
1.0,2.9,0.1,0,5.8,2,4.0,0.631126089325,0
2.3,2.3,1.6,1,8.7,0,0.0,0.45749046841,0
4.9,0.0,2.1,1,5.0,1,3.0,0.477973856209,0
5.9,0.0,2.0,1,8.3,2,3.0,0.574678649237,0
1.6,1.8,0.0,0,6.4,1,3.0,0.596348039216,0
2.6,3.0,0.8,0,6.9,1,4.0,0.605552832244,0
3.5,0.0,1.7,0,7.5,2,4.0,0.787587145969,1
3.9,1.9,2.4,0,5.7,1,2.0,0.546940359477,0
2.3,1.9,0.0,1,7.5,0,6.0,0.641286764706,1
4.1,4.2,1.6,0,3.3,1,2.0,0.428434095861,0
2.8,2.0,2.0,0,5.6,0,2.0,0.602717864924,1
3.5,3.0,2.7,0,5.4,0,5.0,0.571985294118,0
4.3,2.7,2.6,1,5.0,1,3.0,0.445344498911,0
3.5,0.0,2.4,0,6.2,1,4.0,0.652124183007,0
2.8,3.4,0.9,0,7.0,2,3.0,0.606838235294,0
3.3,2.8,0.0,0,7.3,0,2.0,0.511764705882,0
3.4,3.1,1.4,0,6.8,2,4.0,0.629282407407,0
2.9,7.2,2.9,1,5.7,0,1.0,0.324286492375,0
3.1,0.0,3.3,0,6.9,0,0.0,0.556683006536,0
5.9,4.6,2.6,1,6.6,0,0.0,0.39315087146,1
4.3,2.2,2.3,0,7.6,0,2.0,0.626941721133,1
3.1,2.8,2.2,0,7.4,2,6.0,0.797053376906,1
4.5,2.4,1.2,1,6.5,2,3.0,0.577532679739,1
3.0,2.0,1.7,0,5.4,2,1.0,0.551410675381,0
5.3,1.8,3.6,0,5.7,0,4.0,0.638553921569,1
4.1,2.9,0.8,1,5.8,1,6.0,0.593457244009,1
3.3,0.7,3.6,0,6.1,2,3.0,0.746139705882,1
4.2,3.4,1.4,0,6.8,1,2.0,0.526206427015,0
1.1,2.0,3.3,0,7.4,1,3.0,0.675310457516,0
1.8,1.1,0.3,0,6.4,1,2.0,0.585388071895,0
1.7,2.0,2.4,0,6.5,1,5.0,0.678888888889,0
3.7,4.0,1.0,0,6.7,1,0.0,0.545354030501,1
6.1,1.9,0.2,0,5.9,2,6.0,0.613857570806,0
6.8,2.9,2.0,0,5.4,0,0.0,0.38025462963,0
4.5,1.6,2.9,1,4.4,1,3.0,0.53188453159,1
4.3,3.4,0.9,0,5.7,0,1.0,0.431200980392,0
0.8,3.3,0.2,0,7.1,1,4.0,0.627803649237,0
2.7,4.7,1.7,1,5.7,2,2.0,0.448579793028,0
2.3,2.3,1.7,0,6.2,1,4.0,0.619805283224,0
2.6,3.3,2.4,0,7.1,0,0.0,0.575298202614,1
3.2,2.6,2.8,0,7.1,0,1.0,0.608760893246,1
2.8,4.1,1.7,1,5.2,0,1.0,0.433898420479,1
0.5,1.6,3.8,1,7.7,1,4.0,0.723306100218,1
4.6,3.4,2.0,0,7.9,1,0.0,0.585536492375,1
1.9,2.3,1.4,0,5.1,0,4.0,0.561586328976,0
3.9,2.4,0.0,1,5.5,1,3.0,0.512009803922,1
6.6,2.6,1.5,0,7.9,0,1.0,0.469501633987,0
2.1,2.8,1.4,1,6.3,2,1.0,0.480348583878,0
0.0,2.4,2.9,0,3.8,2,3.0,0.62462962963,0
3.1,2.8,2.3,0,4.8,2,0.0,0.503534858388,0
5.2,4.4,0.5,0,6.2,0,1.0,0.403142701525,0
6.4,3.7,2.0,0,5.1,0,6.0,0.514813453159,0
1.7,3.5,2.5,0,6.0,1,5.0,0.63974537037,0
4.2,2.0,3.5,0,6.5,1,5.0,0.651067538126,0
2.8,1.4,2.8,0,8.3,2,5.0,0.754986383442,0
3.3,3.6,2.6,0,6.2,0,2.0,0.587783224401,1
7.5,3.6,1.9,1,7.8,0,6.0,0.473295206972,0
1.2,4.3,2.2,0,8.2,0,2.0,0.575791122004,0
3.9,1.8,3.2,0,8.2,2,0.0,0.606500544662,0
4.2,2.2,0.3,1,6.8,2,3.0,0.580743464052,1
5.1,0.5,1.4,0,4.1,1,4.0,0.547199074074,0
3.6,2.0,1.0,1,7.1,1,6.0,0.574618736383,0
4.0,3.7,2.2,0,7.8,2,0.0,0.624296023965,1
2.9,1.9,3.2,0,6.4,0,4.0,0.610605936819,0
3.9,3.3,1.1,1,8.6,0,0.0,0.400597766885,0
3.0,2.3,0.0,0,7.5,1,2.0,0.564767156863,0
4.4,2.9,1.3,0,7.2,0,5.0,0.582237200436,0
2.9,1.1,2.8,0,7.8,2,3.0,0.69634667756,0
4.1,2.6,2.4,0,6.9,1,2.0,0.560285947712,0
3.5,0.0,2.3,0,3.5,0,3.0,0.604809368192,1
5.2,2.3,1.5,0,5.9,0,6.0,0.57483251634,0
3.4,0.5,0.4,0,7.9,0,4.0,0.624050925926,0
0.8,3.9,2.4,0,5.5,0,0.0,0.475812908497,0
5.4,3.4,0.9,0,6.2,0,1.0,0.424289215686,0
2.1,3.1,4.2,0,5.2,0,1.0,0.592038398693,1
2.5,4.3,2.4,0,8.6,0,3.0,0.590812908497,0
2.6,1.4,1.2,0,8.5,2,5.0,0.739812091503,0
5.6,4.6,1.1,0,5.4,1,5.0,0.594556100218,1
0.3,3.6,1.7,0,6.7,2,3.0,0.731557734205,1
8.2,2.2,1.5,0,5.7,2,2.0,0.565433006536,1
5.1,3.9,3.0,0,7.2,1,1.0,0.509652777778,0
3.8,1.2,2.0,0,7.1,1,2.0,0.670904139434,1
3.4,1.5,1.0,0,7.5,1,4.0,0.717523148148,1
3.9,1.8,3.9,0,6.9,0,1.0,0.542704248366,0
4.3,1.9,1.9,0,10.0,0,4.0,0.656640795207,0
4.5,1.2,2.6,0,5.3,1,0.0,0.572440087146,1
4.3,4.0,1.1,1,4.4,1,2.0,0.438747276688,1
3.6,2.2,2.2,0,6.0,0,3.0,0.622813180828,1
3.2,2.9,2.1,0,4.6,1,1.0,0.563598856209,1
3.3,1.8,0.0,0,4.7,2,2.0,0.612181372549,1
3.2,0.3,4.0,1,5.3,1,3.0,0.537997004357,0
5.2,2.8,3.2,0,5.4,1,0.0,0.541476034858,1
4.4,0.2,1.4,0,5.4,1,1.0,0.522677015251,0
0.0,2.4,0.6,1,7.1,1,4.0,0.574722222222,0
4.5,0.9,2.2,0,5.9,1,0.0,0.50713916122,0
3.8,4.9,1.9,0,6.3,2,5.0,0.608380991285,0
3.5,3.6,2.2,0,7.6,0,3.0,0.55832788671,0
2.9,2.6,2.0,0,5.6,2,1.0,0.551369825708,0
5.2,4.0,2.4,0,6.2,0,1.0,0.438790849673,0
4.9,1.5,3.4,0,6.9,1,6.0,0.761608115468,1
2.3,3.2,2.4,0,4.2,0,6.0,0.659967320261,1
4.1,2.7,0.6,0,3.6,0,0.0,0.365910947712,0
2.0,2.8,3.3,0,6.9,0,1.0,0.548594771242,0
1.4,4.0,3.6,0,7.1,1,3.0,0.629460784314,0
2.6,3.4,5.3,0,9.0,2,0.0,0.650552832244,0
4.8,2.8,0.6,0,6.7,0,4.0,0.529183006536,0
4.9,0.5,2.1,0,7.5,2,0.0,0.579432189542,0
4.3,1.3,0.0,1,6.3,1,0.0,0.390575980392,0
4.6,2.4,2.4,0,6.9,2,4.0,0.638545751634,0
4.3,2.6,1.2,0,8.5,1,5.0,0.65397875817,0
2.5,1.1,3.9,0,4.0,0,6.0,0.633035130719,0
4.1,5.4,0.9,0,7.0,2,3.0,0.626397058824,1
4.7,4.3,0.0,0,9.1,1,5.0,0.612267156863,0
4.6,3.2,1.3,0,6.8,2,5.0,0.709749455338,1
5.3,2.6,0.0,1,8.5,0,5.0,0.575220588235,1
4.6,2.2,2.6,0,5.7,2,6.0,0.665258714597,0
4.0,1.4,0.0,1,6.5,0,2.0,0.495661764706,1
5.1,2.6,1.8,0,6.5,0,6.0,0.590416666667,0
3.5,2.8,0.0,0,3.8,0,5.0,0.575735294118,1
2.2,1.0,1.4,0,5.1,2,2.0,0.597333877996,0
3.3,2.9,3.6,0,5.2,0,4.0,0.640723039216,1
2.4,2.3,2.2,0,7.5,1,6.0,0.707947984749,0
2.5,0.2,0.9,1,7.5,1,3.0,0.641299019608,1
3.3,1.5,1.8,1,6.9,0,5.0,0.537806372549,0
2.3,2.0,1.8,0,7.5,0,1.0,0.551078431373,0
3.0,4.8,2.3,1,6.3,0,4.0,0.448632897603,0
0.7,3.2,0.3,1,7.9,0,2.0,0.559591503268,1
3.8,0.9,2.5,0,6.5,2,6.0,0.802269880174,1
3.5,3.1,0.0,0,6.6,0,3.0,0.590110294118,1
2.3,0.6,1.1,0,6.2,0,0.0,0.509458061002,0
4.5,3.8,1.3,0,7.3,0,3.0,0.516097494553,0
4.9,1.9,2.5,0,6.0,0,3.0,0.529941448802,0
1.1,2.4,1.8,0,7.7,1,5.0,0.783088235294,1
2.4,4.1,0.3,0,5.1,2,5.0,0.594383169935,0
2.3,1.0,0.7,0,5.2,1,6.0,0.65436546841,0
2.1,0.8,2.0,0,7.3,1,6.0,0.813404139434,1
4.7,1.8,1.7,0,6.4,0,2.0,0.508494008715,0
3.2,3.7,1.2,0,6.0,0,6.0,0.581932189542,0
3.1,0.7,1.3,1,7.6,0,2.0,0.571428376906,1
0.5,0.0,2.6,1,5.8,2,5.0,0.746361655773,1
4.5,2.0,1.2,1,6.3,0,5.0,0.563366013072,1
1.6,3.2,1.7,0,8.2,1,1.0,0.590283224401,0
3.6,3.9,4.2,0,8.3,2,1.0,0.694734477124,1
3.9,1.9,0.2,0,8.4,0,4.0,0.678514433551,1
5.5,2.0,0.0,0,6.2,1,5.0,0.568774509804,0
1.5,3.9,2.7,0,8.0,1,0.0,0.643737745098,1
0.0,0.3,1.1,1,5.4,0,1.0,0.550671296296,1
3.8,2.0,1.4,0,5.4,1,2.0,0.524515250545,0
6.2,2.7,0.9,0,3.7,0,3.0,0.490796568627,1
5.4,3.0,1.5,0,8.5,2,6.0,0.689844771242,0
3.8,1.9,3.6,0,5.5,0,6.0,0.628149509804,0
2.8,2.5,2.7,1,6.3,0,4.0,0.501213235294,0
4.7,0.0,2.7,1,5.4,1,1.0,0.450392156863,0
2.0,1.7,0.2,1,7.3,2,3.0,0.639960511983,1
4.2,3.0,0.5,0,6.0,0,3.0,0.492039760349,0
4.3,1.3,0.0,0,4.9,0,1.0,0.437242647059,0
5.1,2.6,0.9,0,7.0,0,0.0,0.439583333333,0
7.6,3.0,2.9,0,4.8,2,0.0,0.429261982571,0
4.1,2.1,2.4,0,5.5,0,4.0,0.551327614379,0
2.7,2.7,1.6,0,4.0,1,0.0,0.448764978214,0
3.5,1.3,1.8,1,4.8,0,4.0,0.460526960784,0
0.8,2.3,1.0,0,6.7,0,2.0,0.565072167756,0
2.5,3.2,2.0,0,4.1,0,1.0,0.443011982571,0
2.9,2.7,2.6,1,4.7,0,3.0,0.42921704793,0
2.7,1.8,0.0,0,6.5,0,4.0,0.571102941176,0
3.7,2.8,2.1,0,5.8,1,6.0,0.631650326797,0
2.3,3.4,2.8,0,8.9,1,0.0,0.582976579521,0
5.2,0.0,1.3,0,8.7,0,6.0,0.684994553377,0
3.5,3.9,2.6,0,5.5,0,4.0,0.611128812636,1
3.5,2.1,4.9,0,7.2,1,5.0,0.699786220044,0
3.0,3.0,1.7,1,7.4,0,4.0,0.580994008715,1
3.7,3.9,2.2,1,5.8,0,0.0,0.339173474946,0
4.7,0.9,1.0,1,4.7,0,5.0,0.457498638344,0
2.2,1.6,2.0,1,6.5,1,5.0,0.661639433551,1
2.5,2.2,2.3,0,6.3,0,0.0,0.496206427015,0
3.0,1.6,2.0,0,6.0,1,5.0,0.645021786492,0
1.5,4.6,0.7,1,7.0,1,1.0,0.510983115468,1
2.3,1.5,2.0,0,5.6,0,3.0,0.565916394336,0
2.8,1.8,3.4,1,5.1,1,6.0,0.578041938998,0
4.8,2.7,2.3,0,6.6,1,1.0,0.592076525054,1
3.9,1.1,2.9,0,7.0,0,1.0,0.543514433551,0
3.8,2.0,1.5,0,5.1,2,0.0,0.501830065359,0
4.8,2.9,2.6,0,7.6,2,0.0,0.626104302832,1
3.3,2.1,2.1,0,4.4,0,6.0,0.663500816993,1
4.1,2.4,0.8,0,5.8,0,3.0,0.504498910675,0
3.3,1.9,2.2,0,6.2,0,4.0,0.583732298475,0
3.9,0.7,0.7,1,5.7,2,1.0,0.542588507625,1
2.6,2.9,1.1,1,5.8,1,5.0,0.599372276688,1
0.0,4.6,2.0,1,8.7,0,3.0,0.53587962963,0
3.3,2.5,2.1,0,5.5,0,1.0,0.478500816993,0
5.6,2.8,0.5,1,9.4,0,4.0,0.491083877996,0
4.9,3.3,3.0,0,7.0,0,5.0,0.586098856209,0
4.9,1.0,2.4,0,6.6,0,1.0,0.51033496732,0
5.4,4.5,1.0,0,7.1,0,2.0,0.452645697168,0
3.6,2.7,0.1,0,9.5,2,6.0,0.731493736383,0
3.8,4.5,1.6,1,5.3,1,3.0,0.413103213508,0
2.6,1.6,1.3,1,5.2,1,6.0,0.556710239651,0
3.0,4.7,1.9,0,5.6,0,0.0,0.417081971678,0
4.4,3.4,1.4,0,6.5,1,1.0,0.490177015251,0
5.3,3.2,0.0,0,4.4,1,5.0,0.504803921569,0
3.3,2.8,1.4,1,6.5,2,5.0,0.56417211329,0
2.8,2.2,1.5,0,8.5,1,3.0,0.72239379085,1
3.5,3.9,2.5,1,6.7,1,3.0,0.477980664488,0
4.4,2.7,1.0,0,6.1,0,6.0,0.579042755991,0
1.3,0.1,3.6,0,5.8,2,5.0,0.835183823529,1
0.1,1.2,0.0,0,7.6,2,5.0,0.747401960784,0
2.7,2.3,3.2,1,5.5,2,5.0,0.665802015251,1
1.7,2.9,1.6,1,8.7,1,1.0,0.515162037037,0
2.7,2.4,2.7,0,8.8,0,5.0,0.762352941176,1
3.3,4.0,1.9,0,6.8,1,0.0,0.488246187364,0
2.8,0.2,3.1,0,6.5,1,5.0,0.703597494553,0
5.7,2.7,1.4,0,7.7,1,0.0,0.56536083878,1
4.0,0.3,0.6,0,7.8,1,1.0,0.576008986928,0
4.0,3.4,3.4,1,5.5,2,3.0,0.575198801743,1
4.4,2.4,1.7,0,5.9,0,0.0,0.440038126362,0
1.8,3.0,2.0,0,4.9,1,1.0,0.512448257081,0
5.1,1.5,3.2,0,7.0,2,5.0,0.765949074074,1
3.4,4.0,0.7,1,7.3,2,1.0,0.449537037037,0
4.5,3.8,2.5,0,4.9,1,5.0,0.637208605664,1
1.9,3.2,1.2,0,6.0,1,6.0,0.647581699346,0
1.2,2.3,1.7,0,4.9,0,1.0,0.498383714597,0
4.7,3.2,1.9,0,5.4,1,3.0,0.518540305011,0
4.1,1.7,0.1,1,7.2,1,0.0,0.410586873638,0
2.1,3.5,0.9,0,5.6,0,6.0,0.590649509804,0
2.2,4.5,3.3,0,6.1,2,3.0,0.609857026144,0
5.2,3.8,2.8,0,4.5,1,2.0,0.464300108932,0
1.7,1.6,1.7,0,6.7,0,5.0,0.727685185185,1
6.0,2.9,2.1,1,6.4,2,0.0,0.397520424837,0
2.1,0.9,1.5,0,5.6,0,3.0,0.653288398693,1
4.5,3.2,3.3,1,6.3,1,0.0,0.480310457516,1
3.0,3.0,1.6,0,6.7,0,2.0,0.522012527233,0
4.4,0.3,2.1,0,5.5,0,4.0,0.575339052288,0
2.7,1.1,3.1,0,4.7,0,5.0,0.610153867102,0
3.3,2.2,0.9,0,8.7,1,5.0,0.679681372549,0
3.6,2.1,3.5,1,5.7,2,1.0,0.483114106754,0
2.0,1.0,0.1,0,6.4,0,5.0,0.622437363834,0
4.6,3.0,3.6,0,7.7,1,5.0,0.736740196078,1
2.7,2.8,1.4,1,10.0,2,3.0,0.612260348584,0
3.2,2.3,1.5,0,5.0,1,6.0,0.62095996732,0
2.0,1.6,0.0,0,7.0,1,5.0,0.658039215686,0
0.0,3.8,1.3,1,5.7,1,5.0,0.548842592593,0
3.2,4.5,0.7,0,5.9,0,2.0,0.457024782135,0
7.1,1.9,1.1,1,5.6,1,6.0,0.478710511983,0
4.7,1.8,1.6,0,5.1,1,2.0,0.507845860566,0
3.5,3.1,2.9,1,6.5,1,0.0,0.418906590414,0
3.1,2.1,2.0,0,4.7,2,0.0,0.509715413943,0
3.5,2.3,2.1,0,7.6,1,5.0,0.744554738562,1
4.3,3.4,0.6,0,6.6,0,5.0,0.629256535948,1
1.7,0.2,0.8,0,7.0,2,1.0,0.714768518519,1
5.2,4.1,3.8,0,5.9,0,0.0,0.425156590414,0
4.6,2.6,1.0,0,6.1,1,3.0,0.53572167756,0
4.6,2.0,3.6,1,6.8,0,5.0,0.529656862745,0
4.2,2.4,1.5,0,5.1,0,3.0,0.575604575163,1
3.5,2.5,1.8,0,6.1,1,5.0,0.618860294118,0
4.5,0.4,3.0,0,5.5,0,3.0,0.560032679739,0
4.4,4.3,3.2,0,5.4,1,4.0,0.547468681917,0
3.0,2.5,1.7,0,4.0,0,3.0,0.490369008715,0
2.6,3.0,1.4,0,8.1,0,6.0,0.6611083878,0
3.7,3.6,1.7,0,5.7,1,0.0,0.538224400871,1
5.8,1.3,2.2,1,7.9,1,5.0,0.641697984749,1
1.6,3.1,2.8,0,7.8,0,0.0,0.620121187364,1
1.3,2.2,1.8,0,5.0,1,6.0,0.660808823529,0
3.7,3.5,2.5,0,5.2,2,6.0,0.722784586057,1
3.6,0.0,3.6,0,9.6,0,3.0,0.694803921569,0
3.8,2.4,2.2,1,8.6,0,2.0,0.485533769063,0
3.9,1.8,2.1,0,6.5,2,2.0,0.597704248366,0
3.2,3.0,0.1,0,6.8,0,6.0,0.598760893246,0
5.7,3.1,0.0,1,5.7,0,2.0,0.413786764706,1
1.1,1.7,2.2,0,7.0,2,5.0,0.737972494553,0
2.3,1.6,1.7,1,5.6,0,1.0,0.419596949891,0
3.3,2.4,1.2,0,4.1,0,4.0,0.58704248366,1
1.0,1.4,2.1,1,4.9,0,3.0,0.484714052288,0
3.2,3.5,1.7,0,6.5,1,1.0,0.513922930283,0
6.0,2.1,3.0,0,5.1,1,2.0,0.500020424837,0
3.5,0.0,1.9,0,6.4,0,3.0,0.591383442266,0
3.8,2.1,1.0,0,5.2,1,1.0,0.486714324619,0
1.6,1.3,2.9,0,5.6,1,0.0,0.553686002179,0
2.6,0.5,1.6,0,7.5,0,2.0,0.675946350763,1
2.9,1.0,2.4,1,6.8,2,1.0,0.607295751634,1
3.0,2.6,1.3,0,6.5,1,5.0,0.708401416122,1
5.4,4.1,1.1,1,7.6,0,0.0,0.334127178649,0
4.3,2.9,1.9,0,7.1,1,2.0,0.54872412854,0
3.0,4.0,1.0,1,7.0,1,2.0,0.525206971678,1
5.0,8.0,0.0,0,4.0,2,4.0,0.418431372549,0
7.0,2.0,0.0,0,7.0,0,1.0,0.508970588235,1
8.5,2.0,3.9,0,5.9,0,0.0,0.487777777778,1
