,daily_study_hours,social_media_hours,tv_hours,part_time_job,sleep_hours,diet_quality,exercise_frequency_weekly,mental_health_rating,extracurricular_participation
0,1.4,3.1,1.3,0,8.0,0,1.0,1.0,0
1,0.0,1.2,1.1,0,8.0,1,6.0,8.0,1
2,6.9,2.8,2.3,0,4.6,2,6.0,8.0,0
3,1.0,3.9,1.0,0,9.2,0,4.0,1.0,1
4,5.0,4.4,0.5,0,4.9,1,3.0,1.0,0
5,7.2,1.3,0.0,0,7.4,1,1.0,4.0,0
6,5.6,1.5,1.4,1,6.5,2,2.0,4.0,0
7,4.3,1.0,2.0,1,4.6,1,0.0,8.0,0
8,4.4,2.2,1.7,0,7.1,2,3.0,1.0,0
9,4.8,3.1,1.3,0,7.5,2,5.0,10.0,1
10,4.6,3.7,0.8,0,5.8,1,1.0,3.0,0
11,3.9,2.4,2.5,0,7.9,1,2.0,1.0,0
12,3.7,2.1,0.4,1,4.5,1,1.0,9.0,0
13,3.4,2.7,2.7,0,4.7,1,4.0,10.0,0
14,2.4,1.5,0.7,0,6.7,0,6.0,9.0,0
15,3.1,5.0,1.0,0,6.5,2,6.0,7.0,0
16,1.0,0.6,0.2,0,5.6,0,3.0,8.0,1
17,3.4,2.7,1.2,0,7.5,0,0.0,1.0,1
18,2.0,4.9,2.9,1,7.1,2,2.0,5.0,0
19,1.8,2.5,2.4,0,7.5,1,1.0,2.0,0
20,3.8,2.3,2.9,0,6.4,2,3.0,1.0,0
21,5.6,2.1,2.4,0,7.2,1,1.0,3.0,0
22,4.9,2.3,0.6,0,6.0,1,3.0,7.0,0
23,1.1,4.1,1.4,1,9.0,1,6.0,1.0,0
24,2.0,0.0,0.9,1,5.5,1,4.0,2.0,0
25,4.9,4.3,3.3,0,9.0,1,1.0,2.0,1
26,2.0,0.8,0.5,0,6.5,2,4.0,4.0,0
27,3.2,2.2,2.8,1,4.8,1,5.0,3.0,0
28,4.3,2.0,2.8,1,8.1,2,5.0,3.0,1
29,2.0,3.2,3.8,1,6.7,0,6.0,10.0,1
30,3.7,0.6,1.3,0,7.5,1,2.0,5.0,0
31,1.5,3.1,2.6,1,8.0,1,4.0,3.0,1
32,2.6,4.9,4.3,0,6.9,2,3.0,7.0,0
33,4.0,0.9,1.1,0,5.8,0,2.0,5.0,0
34,1.1,2.7,0.1,0,7.7,1,1.0,4.0,0
35,4.2,1.7,0.0,1,6.5,2,1.0,3.0,0
36,3.5,3.0,2.6,0,7.3,1,3.0,4.0,0
37,4.3,2.5,0.0,1,3.9,2,0.0,2.0,0
38,3.8,1.7,1.4,0,7.0,0,0.0,1.0,0
39,5.5,3.1,2.3,0,5.7,2,1.0,3.0,0
40,3.7,4.7,2.0,0,8.5,2,6.0,2.0,0
41,2.9,2.3,2.3,0,7.2,2,6.0,1.0,0
42,3.7,3.4,2.0,0,6.8,1,3.0,1.0,1
43,4.3,0.9,3.2,0,7.1,0,0.0,2.0,0
44,3.6,1.4,0.8,0,5.3,2,4.0,9.0,0
45,3.6,3.1,1.1,0,8.4,1,1.0,5.0,1
46,2.4,4.3,1.0,0,8.9,0,5.0,9.0,1
47,2.5,2.9,2.7,0,7.0,2,4.0,8.0,1
48,1.4,2.1,2.8,0,8.4,1,3.0,6.0,0
49,6.1,2.5,2.3,0,5.8,0,5.0,1.0,0
50,1.6,1.0,3.1,0,5.5,1,4.0,10.0,1
51,2.5,3.2,0.5,0,6.5,0,0.0,5.0,0
52,2.4,3.6,3.6,0,7.0,1,6.0,1.0,0
53,4.8,2.0,3.5,0,6.0,2,0.0,7.0,1
54,3.1,1.9,2.6,1,7.1,1,5.0,10.0,0
55,5.4,2.8,3.8,0,6.9,2,2.0,8.0,0
56,2.5,2.0,0.0,0,5.3,2,6.0,8.0,0
57,3.9,2.4,1.2,0,7.1,2,1.0,7.0,1
58,2.2,5.0,1.0,0,7.5,0,5.0,2.0,1
59,6.7,2.2,2.6,0,6.7,2,3.0,5.0,1
60,1.7,2.1,0.6,1,7.9,1,1.0,4.0,0
61,4.0,1.7,2.6,0,5.0,1,4.0,5.0,0
62,4.5,3.4,3.3,1,7.1,2,6.0,10.0,0
63,4.1,2.3,2.6,1,5.1,1,3.0,9.0,0
64,3.2,1.7,2.1,0,5.2,2,3.0,4.0,1
65,3.3,4.1,0.7,0,5.7,0,0.0,8.0,0
66,3.6,4.2,0.9,0,5.4,2,4.0,8.0,0
67,3.3,1.8,3.2,0,5.8,0,0.0,2.0,0
68,4.9,0.3,2.7,1,6.2,2,0.0,6.0,0
69,6.8,3.7,1.8,0,7.5,0,6.0,5.0,0
70,2.7,1.7,1.3,0,6.1,0,2.0,2.0,1
71,1.4,3.4,0.0,0,4.6,1,0.0,10.0,1
72,3.4,0.1,0.6,0,7.9,1,1.0,4.0,1
73,7.4,3.6,3.9,0,5.5,1,3.0,7.0,1
74,2.3,1.0,0.4,0,6.4,1,6.0,1.0,0
75,6.0,3.4,2.0,1,7.0,1,0.0,9.0,1
76,6.0,2.5,2.9,0,6.7,0,5.0,10.0,1
77,2.7,1.4,0.4,0,7.8,1,1.0,1.0,0
78,4.4,2.0,2.0,1,7.1,2,4.0,5.0,0
79,5.9,3.3,2.8,1,5.5,2,3.0,7.0,0
80,2.9,2.6,1.8,0,9.1,2,6.0,8.0,0
81,3.2,3.2,5.0,0,6.7,2,5.0,2.0,0
82,2.6,4.9,0.0,1,6.3,1,6.0,4.0,0
83,2.0,0.6,3.0,0,7.7,0,6.0,2.0,1
84,2.5,4.4,1.6,0,6.8,1,5.0,4.0,0
85,1.7,2.6,2.6,0,7.0,2,4.0,6.0,0
86,3.6,1.4,2.3,0,9.5,2,5.0,6.0,0
87,2.3,0.9,1.0,0,6.2,1,1.0,2.0,1
88,3.9,2.3,2.1,0,6.1,0,6.0,4.0,0
89,1.2,3.6,0.0,0,6.6,0,4.0,4.0,1
90,4.0,2.3,2.5,0,7.8,1,6.0,1.0,0
91,4.8,4.3,2.1,0,4.7,1,5.0,2.0,0
92,0.5,0.8,2.5,1,4.1,0,4.0,3.0,0
93,4.1,2.5,3.0,0,5.8,2,4.0,5.0,0
94,5.3,1.0,2.2,0,4.5,1,0.0,8.0,0
95,1.7,2.9,2.0,0,6.0,2,0.0,6.0,0
96,6.0,3.6,0.8,0,7.1,2,0.0,3.0,0
97,4.1,2.0,1.0,0,5.4,2,5.0,6.0,0
98,2.4,0.0,3.1,0,4.8,2,3.0,7.0,1
99,3.4,2.7,3.4,0,6.6,2,1.0,6.0,0
100,4.3,3.0,1.5,0,7.5,2,5.0,10.0,1
101,3.6,3.0,1.9,0,4.5,2,6.0,6.0,0
102,4.3,4.0,0.8,0,7.5,1,0.0,1.0,0
103,2.1,1.2,3.1,0,7.5,2,4.0,3.0,0
104,3.8,3.3,2.5,0,7.6,2,5.0,7.0,0
105,1.4,3.9,3.9,1,8.0,2,4.0,4.0,1
106,3.3,0.4,0.8,0,9.1,2,6.0,4.0,1
107,2.1,2.9,1.4,0,6.1,1,4.0,7.0,0
108,2.4,1.9,2.1,0,6.6,0,4.0,9.0,1
109,5.4,2.4,2.5,0,6.0,1,2.0,2.0,0
110,5.1,2.9,1.6,0,6.5,1,3.0,9.0,1
111,4.4,1.9,0.8,0,8.3,2,1.0,3.0,0
112,1.9,1.7,2.8,0,4.9,1,1.0,6.0,1
113,3.0,2.5,2.6,0,5.5,1,0.0,4.0,0
114,5.3,1.2,0.8,0,8.2,1,2.0,1.0,0
115,3.7,1.2,3.3,0,7.7,0,5.0,9.0,0
116,7.0,3.3,3.1,0,6.1,2,5.0,6.0,1
117,4.1,1.1,1.9,0,7.5,2,1.0,8.0,0
118,3.8,3.3,1.9,0,6.9,0,3.0,2.0,1
119,3.0,3.1,2.4,1,8.3,1,4.0,7.0,0
120,3.7,0.4,0.9,0,6.6,1,6.0,6.0,0
121,3.3,1.7,1.8,0,7.7,0,0.0,2.0,0
122,4.6,3.9,0.0,0,9.7,0,3.0,2.0,0
123,4.9,1.3,2.8,0,7.2,2,1.0,4.0,0
124,2.3,1.9,0.1,0,6.6,1,2.0,4.0,0
125,1.5,3.1,3.5,0,7.4,1,0.0,3.0,0
126,0.7,3.4,1.4,1,6.1,0,1.0,8.0,0
127,4.3,2.2,1.6,0,9.4,2,5.0,7.0,0
128,1.8,1.8,1.1,0,6.7,2,0.0,2.0,0
129,0.3,4.2,1.5,0,6.2,2,1.0,3.0,1
130,4.1,4.6,3.4,0,5.5,0,5.0,10.0,0
131,7.2,3.7,0.0,0,7.8,2,6.0,9.0,0
132,3.5,2.6,3.2,1,7.5,1,5.0,5.0,1
133,4.8,1.5,2.2,0,5.9,1,4.0,2.0,1
134,3.6,1.5,0.5,0,7.2,1,2.0,3.0,0
135,3.4,3.1,0.6,0,4.7,1,4.0,8.0,0
136,4.9,3.0,3.6,0,6.7,2,1.0,4.0,0
137,3.1,4.2,0.8,0,7.0,2,6.0,2.0,0
138,3.9,3.3,0.5,0,8.5,1,3.0,2.0,0
139,4.0,0.7,3.1,0,5.6,2,6.0,6.0,0
140,2.5,3.8,2.2,0,5.0,2,6.0,8.0,0
141,5.0,1.3,0.8,0,5.4,2,6.0,7.0,0
142,3.2,2.0,2.0,0,4.9,1,4.0,4.0,1
143,2.4,2.8,0.7,0,8.1,1,3.0,2.0,0
144,4.3,4.9,3.0,0,8.4,1,5.0,9.0,1
145,2.2,6.2,3.0,0,6.9,2,1.0,4.0,0
146,3.5,3.2,2.4,0,8.0,0,2.0,9.0,0
147,3.5,2.3,2.2,0,6.7,1,3.0,5.0,1
148,5.1,3.1,3.7,0,6.4,1,1.0,7.0,0
149,4.2,3.6,1.8,1,6.1,1,3.0,5.0,0
150,3.5,2.1,0.5,1,6.1,2,4.0,2.0,0
151,4.7,4.7,2.3,0,4.6,2,1.0,6.0,0
152,5.6,2.8,4.1,0,6.8,2,4.0,7.0,0
153,4.3,3.1,0.7,0,6.5,2,0.0,6.0,0
154,3.5,3.3,1.4,0,7.4,1,1.0,3.0,0
155,1.5,3.0,2.3,0,6.6,1,3.0,10.0,0
156,1.9,3.5,1.7,1,6.3,1,0.0,8.0,0
157,3.0,1.8,0.7,0,5.5,0,4.0,3.0,0
158,2.6,1.8,3.0,0,6.6,1,4.0,5.0,1
159,3.2,1.2,4.4,0,7.4,2,3.0,9.0,0
160,3.6,3.0,2.0,0,5.1,1,0.0,5.0,0
161,4.3,3.4,0.8,0,6.6,2,6.0,7.0,0
162,3.4,3.0,0.1,0,6.8,1,5.0,7.0,0
163,4.2,4.5,2.1,0,5.6,0,2.0,5.0,0
164,3.6,2.5,3.0,0,5.8,0,3.0,2.0,1
165,0.5,3.3,2.3,0,6.8,1,4.0,5.0,0
166,2.1,1.2,1.8,0,5.1,1,1.0,7.0,0
167,3.3,2.0,1.2,1,6.9,0,0.0,7.0,0
168,1.7,3.3,0.6,0,5.4,1,5.0,4.0,1
169,4.4,3.5,2.7,1,7.8,1,2.0,1.0,0
170,5.8,2.1,2.8,0,9.3,1,1.0,6.0,0
171,5.3,2.4,0.1,0,5.5,2,0.0,3.0,1
172,3.2,0.7,3.5,0,7.1,2,5.0,5.0,0
173,5.7,2.1,2.4,0,5.6,1,3.0,4.0,1
174,3.7,3.6,3.3,1,7.7,2,5.0,2.0,0
175,3.0,3.2,0.3,0,5.0,2,3.0,7.0,0
176,2.6,3.1,0.3,0,7.1,2,6.0,5.0,1
177,3.0,2.6,1.6,0,5.5,1,0.0,7.0,1
178,2.9,2.5,2.4,1,6.3,0,5.0,9.0,0
179,3.8,1.7,3.8,0,5.3,2,2.0,4.0,0
180,3.7,3.3,2.6,1,7.5,1,5.0,5.0,0
181,3.5,3.0,1.5,1,5.5,2,0.0,9.0,0
182,4.2,3.1,0.7,0,7.2,2,1.0,10.0,0
183,5.3,1.9,3.2,0,6.1,1,1.0,4.0,1
184,4.9,0.0,0.7,0,6.4,1,5.0,5.0,0
185,1.3,3.8,3.6,1,6.7,1,5.0,5.0,0
186,0.0,1.9,1.5,0,5.6,1,3.0,8.0,0
187,4.9,1.5,3.5,0,6.8,1,0.0,4.0,0
188,1.4,3.3,2.5,0,8.3,1,3.0,4.0,1
189,3.2,2.0,1.6,0,5.6,1,2.0,7.0,1
190,1.7,3.8,1.2,0,7.9,0,6.0,5.0,0
191,0.8,3.2,1.4,0,8.3,2,1.0,6.0,0
192,4.3,3.3,2.3,0,5.5,0,4.0,6.0,0
193,4.6,0.9,1.9,0,4.8,2,4.0,6.0,0
194,2.6,4.0,1.1,0,6.9,2,0.0,10.0,0
195,0.0,2.8,1.6,0,5.8,1,0.0,5.0,0
196,2.7,2.1,1.9,0,8.7,2,4.0,5.0,0
197,4.1,2.7,0.0,0,6.5,1,0.0,9.0,1
198,1.3,0.4,2.3,1,5.5,2,1.0,8.0,1
199,3.8,3.0,0.7,0,5.1,1,2.0,4.0,0
200,3.5,1.3,0.5,0,7.8,1,2.0,7.0,0
201,4.4,0.9,0.0,0,5.8,1,3.0,8.0,0
202,3.7,0.7,0.0,0,6.6,1,1.0,9.0,0
203,2.0,3.8,0.3,0,7.6,1,6.0,5.0,0
204,5.3,1.7,1.0,0,5.9,1,0.0,3.0,1
205,3.3,4.3,3.9,0,6.4,1,0.0,4.0,0
206,3.5,1.9,1.2,0,6.5,0,6.0,10.0,1
207,2.1,0.5,2.0,0,7.3,0,3.0,6.0,1
208,2.8,1.2,2.2,1,7.2,1,3.0,10.0,0
209,2.2,4.0,1.9,0,6.2,0,0.0,5.0,1
210,3.2,2.3,1.7,1,6.6,0,0.0,9.0,0
211,6.1,1.8,0.5,0,6.1,2,6.0,3.0,1
212,1.4,2.7,3.4,0,4.7,0,1.0,2.0,1
213,1.1,3.1,3.8,0,6.8,2,6.0,6.0,0
214,5.7,3.8,0.0,0,8.8,1,3.0,7.0,0
215,3.2,4.2,0.7,0,5.4,2,6.0,5.0,1
216,2.5,2.1,1.5,0,5.6,1,6.0,1.0,1
217,5.1,0.9,0.7,0,5.5,1,6.0,3.0,0
218,2.6,2.0,2.4,0,7.4,1,1.0,3.0,0
219,6.2,2.8,1.0,0,7.0,1,5.0,4.0,0
220,4.5,1.3,4.2,0,6.3,1,0.0,10.0,0
221,2.8,1.4,3.1,0,5.4,0,4.0,6.0,1
222,6.7,2.9,2.0,0,6.6,2,6.0,5.0,0
223,2.6,2.4,2.9,0,4.6,1,4.0,1.0,0
224,4.6,2.5,3.0,0,6.7,1,5.0,6.0,0
225,3.9,1.6,1.2,0,7.5,2,0.0,9.0,1
226,5.5,2.2,0.9,1,5.0,1,3.0,1.0,0
227,5.8,1.4,1.9,0,4.7,2,4.0,8.0,1
228,3.5,3.6,2.7,0,8.4,1,3.0,8.0,1
229,2.4,3.7,2.0,0,5.8,2,4.0,3.0,1
230,4.2,0.3,0.1,0,7.9,0,3.0,9.0,1
231,2.5,1.4,0.9,0,6.3,2,6.0,8.0,0
232,6.5,0.7,1.7,0,6.3,2,4.0,3.0,0
233,3.7,1.7,1.7,0,7.0,1,3.0,10.0,1
234,3.0,2.4,4.0,0,5.4,0,5.0,5.0,0
235,3.8,0.8,0.3,0,6.7,1,1.0,3.0,0
236,1.5,1.4,2.4,0,6.0,2,3.0,5.0,0
237,2.0,1.3,3.4,1,4.9,1,1.0,9.0,0
238,5.3,2.7,4.3,0,6.9,1,1.0,4.0,1
239,2.5,2.6,1.4,0,6.2,0,0.0,6.0,0
240,1.9,1.6,2.3,0,6.3,1,6.0,3.0,0
241,4.3,2.7,2.4,1,5.0,1,5.0,3.0,0
242,5.3,1.8,2.0,0,8.4,2,1.0,5.0,0
243,4.6,2.2,1.7,0,7.6,1,2.0,8.0,0
244,5.0,4.5,2.3,0,7.7,2,6.0,8.0,0
245,2.4,4.1,0.0,0,6.1,1,1.0,3.0,1
246,1.4,0.9,2.6,1,4.4,0,3.0,8.0,0
247,5.8,3.5,1.9,0,8.8,1,1.0,8.0,1
248,3.0,3.5,1.6,0,6.4,1,3.0,3.0,0
249,3.1,1.1,4.1,0,5.6,2,3.0,10.0,1
250,5.5,3.5,1.1,1,7.0,2,2.0,10.0,0
251,4.3,4.3,1.4,0,7.9,1,1.0,2.0,0
252,4.2,1.2,4.0,0,6.5,1,1.0,10.0,0
253,6.7,1.4,0.9,0,8.0,1,4.0,2.0,0
254,2.5,3.7,1.2,1,7.8,2,6.0,9.0,0
255,4.9,2.8,1.6,0,5.2,2,4.0,7.0,0
256,3.6,3.2,2.7,0,5.7,2,0.0,6.0,0
257,3.9,2.9,2.0,0,7.6,1,3.0,7.0,0
258,5.8,3.0,0.4,0,3.2,1,2.0,8.0,0
259,4.3,0.9,1.2,0,6.3,1,4.0,1.0,0
260,4.3,3.8,1.1,0,4.8,1,1.0,8.0,0
261,5.1,3.9,1.7,1,5.9,1,0.0,3.0,1
262,3.0,2.2,2.3,0,6.1,0,2.0,3.0,0
263,2.2,2.4,2.3,1,6.1,0,5.0,6.0,0
264,1.9,0.7,0.0,0,5.8,2,1.0,4.0,0
265,0.6,3.1,3.0,0,5.2,2,1.0,4.0,0
266,6.6,3.2,2.1,0,9.3,1,5.0,4.0,1
267,1.8,2.4,3.3,1,8.7,1,3.0,10.0,0
268,3.2,3.8,2.3,0,5.1,1,3.0,9.0,0
269,3.1,2.1,3.0,0,8.4,2,4.0,8.0,0
270,4.0,3.2,2.3,1,6.0,2,4.0,3.0,1
271,4.7,1.3,3.3,1,6.7,2,1.0,1.0,0
272,4.8,2.5,2.4,1,6.4,2,6.0,1.0,0
273,2.6,2.3,1.7,0,5.7,1,1.0,1.0,1
274,3.2,2.8,4.3,0,7.7,1,4.0,4.0,1
275,3.9,2.1,2.8,0,6.7,1,5.0,6.0,0
276,3.1,2.3,2.4,1,5.9,1,4.0,4.0,1
277,5.9,3.5,0.4,0,4.9,2,1.0,3.0,0
278,4.2,2.0,0.4,0,5.4,1,2.0,8.0,1
279,4.6,0.6,2.1,0,4.5,0,1.0,8.0,0
280,4.5,4.6,2.0,0,6.5,1,2.0,6.0,0
281,5.3,4.2,1.1,1,5.1,2,2.0,9.0,0
282,3.8,0.9,2.0,1,6.2,1,1.0,10.0,0
283,1.6,3.3,3.5,1,8.1,2,6.0,1.0,0
284,4.1,1.9,2.6,0,7.9,1,6.0,8.0,0
285,2.5,2.8,0.5,1,6.5,0,0.0,6.0,1
286,2.7,2.9,1.7,0,6.4,1,4.0,1.0,0
287,4.4,2.2,0.9,0,8.8,2,6.0,4.0,1
288,5.4,1.6,1.4,0,7.1,1,3.0,5.0,0
289,3.5,1.7,1.3,0,6.1,2,1.0,7.0,1
290,4.0,1.4,1.3,0,4.8,1,2.0,8.0,0
291,6.1,1.5,0.4,0,7.0,0,1.0,9.0,0
292,3.9,2.4,1.7,1,7.5,2,4.0,6.0,1
293,7.4,1.6,1.2,0,5.7,1,5.0,10.0,1
294,4.3,3.3,0.0,0,6.8,1,6.0,9.0,0
295,0.9,4.3,4.1,0,6.1,2,6.0,4.0,0
296,4.6,1.8,3.0,0,6.3,1,6.0,8.0,0
297,4.1,2.8,1.4,0,3.5,2,2.0,3.0,0
298,5.4,3.1,1.8,0,6.2,0,3.0,4.0,1
299,4.5,3.1,0.5,0,7.7,1,3.0,10.0,0
300,3.3,2.6,3.7,0,5.7,0,6.0,4.0,1
301,1.7,3.4,3.9,1,6.6,2,3.0,6.0,0
302,3.2,3.1,2.0,0,5.6,1,5.0,9.0,0
303,2.2,1.0,2.9,0,6.9,2,6.0,6.0,0
304,2.6,3.5,2.0,0,6.2,2,0.0,1.0,0
305,4.4,3.6,0.3,0,5.4,1,2.0,5.0,1
306,6.0,1.6,1.3,0,8.1,1,5.0,9.0,0
307,4.1,2.5,1.9,1,7.6,1,2.0,5.0,0
308,1.7,3.3,1.3,0,5.8,1,6.0,6.0,1
309,4.2,2.2,1.6,0,7.1,1,5.0,3.0,1
310,5.3,3.8,1.7,0,7.1,2,6.0,8.0,0
311,2.6,5.3,1.7,1,7.3,2,5.0,10.0,0
312,3.3,1.6,1.9,0,4.5,2,6.0,4.0,0
313,3.5,0.8,0.6,0,7.7,2,0.0,4.0,0
314,2.3,2.9,1.0,0,5.8,2,2.0,5.0,1
315,4.5,3.4,0.4,0,6.1,1,5.0,10.0,0
316,3.3,2.2,2.9,1,9.7,2,0.0,9.0,0
317,4.1,4.2,0.0,0,6.9,2,1.0,8.0,1
318,2.2,0.9,3.1,0,6.0,1,6.0,7.0,0
319,2.8,3.3,3.3,0,3.9,2,4.0,5.0,1
320,4.6,1.8,1.5,0,8.2,1,5.0,9.0,1
321,2.9,4.6,0.0,1,4.9,2,3.0,9.0,1
322,6.1,4.9,1.4,0,5.3,2,0.0,10.0,0
323,2.9,1.6,1.7,0,6.1,2,0.0,10.0,0
324,3.8,1.8,0.7,0,8.2,1,5.0,2.0,0
325,4.9,3.5,1.2,0,7.4,2,0.0,4.0,0
326,1.4,2.0,3.5,0,6.3,1,1.0,8.0,0
327,0.9,2.4,2.5,0,6.9,1,0.0,1.0,0
328,1.2,2.5,0.8,1,5.8,2,4.0,5.0,0
329,5.4,0.2,0.0,0,6.7,1,4.0,8.0,0
330,2.7,2.5,1.4,0,6.6,2,6.0,2.0,0
331,7.3,1.7,1.6,0,7.7,1,6.0,2.0,1
332,2.7,1.9,2.3,0,7.7,1,3.0,8.0,0
333,3.8,4.2,1.2,0,7.1,2,1.0,10.0,0
334,5.8,1.0,2.4,0,6.1,1,4.0,9.0,0
335,6.5,3.5,3.9,0,7.4,0,5.0,7.0,1
336,6.6,2.2,2.7,0,6.4,2,2.0,8.0,1
337,5.3,2.2,1.7,0,5.2,1,2.0,5.0,0
338,5.0,3.4,1.6,1,6.0,2,2.0,1.0,1
339,4.4,2.9,1.4,0,6.6,1,6.0,4.0,1
340,4.7,3.2,3.1,1,7.6,1,5.0,2.0,0
341,2.7,3.7,1.1,0,6.3,1,0.0,3.0,0
342,2.3,2.1,1.8,0,5.0,1,5.0,3.0,0
343,3.5,1.8,1.9,0,6.6,1,0.0,9.0,0
344,3.2,1.2,1.2,0,6.6,1,2.0,10.0,1
345,2.8,1.5,0.3,0,6.7,1,3.0,4.0,0
346,4.5,6.0,2.2,1,7.6,0,3.0,2.0,1
347,4.9,4.0,1.7,0,7.7,1,0.0,3.0,0
348,3.6,0.9,2.4,0,5.8,0,2.0,3.0,0
349,5.7,0.9,1.2,0,5.8,0,5.0,7.0,0
350,1.8,3.1,3.1,0,5.3,2,3.0,8.0,0
351,3.2,3.2,0.8,0,7.3,2,0.0,6.0,0
352,2.4,3.2,3.7,0,8.2,2,5.0,4.0,1
353,0.7,2.2,0.0,0,6.1,1,2.0,6.0,0
354,3.4,2.3,2.3,0,6.2,2,1.0,1.0,0
355,3.3,2.9,2.3,1,8.3,2,2.0,10.0,0
356,5.8,2.6,0.9,1,7.1,2,6.0,8.0,0
357,4.4,0.0,2.3,0,7.0,1,2.0,1.0,0
358,2.0,2.2,3.2,0,5.1,2,5.0,5.0,0
359,6.3,1.5,0.0,0,7.3,2,5.0,2.0,1
360,5.3,2.7,2.4,1,5.4,2,4.0,6.0,0
361,4.4,6.1,0.0,0,5.1,0,4.0,9.0,1
362,3.2,2.9,0.7,0,6.1,1,5.0,5.0,0
363,2.1,2.1,3.6,0,5.8,1,5.0,4.0,0
364,2.9,3.6,1.2,0,6.2,1,1.0,2.0,0
365,5.1,3.1,0.5,1,4.8,2,1.0,3.0,0
366,6.3,3.0,1.6,0,7.7,0,2.0,6.0,1
367,5.8,3.2,4.1,0,7.9,0,6.0,8.0,0
368,2.8,5.0,0.0,1,4.2,1,3.0,8.0,0
369,1.8,1.1,0.6,1,7.7,0,6.0,5.0,0
370,3.7,3.1,3.4,1,5.5,1,1.0,5.0,1
371,0.8,1.4,3.8,1,7.5,2,2.0,10.0,0
372,4.0,3.2,1.7,0,6.4,1,6.0,3.0,0
373,3.3,1.4,0.4,0,6.5,0,0.0,7.0,1
374,2.8,2.0,4.1,1,6.3,1,4.0,6.0,0
375,1.1,2.1,3.6,1,8.0,1,6.0,1.0,1
376,4.3,3.7,2.5,0,5.0,0,3.0,4.0,0
377,2.7,3.6,0.9,0,7.2,2,2.0,6.0,1
378,1.7,1.0,1.7,0,7.8,2,6.0,6.0,0
379,0.0,2.6,1.6,0,7.4,2,5.0,3.0,0
380,3.5,1.6,2.2,0,9.3,2,0.0,6.0,0
381,6.2,1.0,3.4,0,5.9,0,4.0,10.0,0
382,6.0,2.2,2.8,1,7.6,2,0.0,6.0,0
383,2.8,2.1,0.6,0,6.4,2,2.0,9.0,1
384,2.6,5.4,3.3,0,8.0,2,1.0,9.0,0
385,4.2,3.0,2.1,0,6.5,0,4.0,2.0,0
386,2.0,0.8,2.6,0,6.0,2,0.0,4.0,0
387,4.0,1.8,3.4,0,8.1,2,1.0,9.0,1
388,4.6,3.7,0.6,0,5.9,2,3.0,4.0,1
389,5.3,5.0,1.8,0,4.8,0,2.0,8.0,0
390,3.3,0.6,1.2,1,5.9,2,2.0,10.0,0
391,3.2,0.2,0.1,1,7.2,2,4.0,3.0,0
392,2.2,4.7,2.2,0,8.2,2,0.0,3.0,0
393,2.3,3.0,4.6,0,6.6,1,3.0,9.0,0
394,3.2,1.5,0.0,0,8.1,2,5.0,10.0,0
395,4.1,3.1,1.8,0,4.9,1,4.0,8.0,0
396,4.9,0.0,2.5,1,6.0,1,5.0,1.0,0
397,2.3,2.5,1.9,1,6.2,1,4.0,10.0,1
398,5.7,2.9,1.7,0,6.4,2,0.0,2.0,1
399,3.1,3.6,0.4,0,6.6,0,3.0,3.0,1
400,3.5,1.3,2.1,0,7.3,1,0.0,2.0,0
401,2.4,2.6,1.0,0,6.0,2,2.0,3.0,1
402,0.0,1.4,0.0,0,6.7,2,5.0,8.0,1
403,4.8,2.8,3.1,0,6.4,1,1.0,6.0,0
404,4.6,1.4,2.9,1,5.4,2,6.0,7.0,1
405,3.1,2.0,1.9,0,6.4,2,2.0,10.0,1
406,3.6,1.3,2.1,0,6.3,0,2.0,10.0,1
407,4.3,3.3,3.0,0,6.3,1,5.0,6.0,1
408,1.2,3.5,2.0,0,6.5,0,4.0,1.0,0
409,2.7,2.2,2.8,0,6.6,1,2.0,3.0,0
410,4.7,2.5,1.5,0,6.0,1,6.0,1.0,0
411,1.6,0.8,3.2,1,8.0,2,3.0,10.0,0
412,3.9,2.1,2.2,0,5.1,2,2.0,9.0,0
413,1.5,2.4,2.0,1,5.6,0,3.0,9.0,0
414,4.2,5.6,0.4,0,9.8,0,0.0,5.0,1
415,3.4,1.2,2.1,1,5.3,1,4.0,4.0,1
416,1.1,4.3,0.9,0,4.9,1,3.0,9.0,0
417,5.2,3.7,1.1,0,7.4,1,2.0,9.0,1
418,2.4,2.8,0.9,0,4.0,2,4.0,3.0,1
419,2.3,4.6,0.6,0,6.2,2,6.0,5.0,0
420,3.8,2.9,4.1,1,9.1,1,4.0,3.0,0
421,5.2,3.0,3.3,0,4.6,2,3.0,10.0,1
422,2.0,2.4,3.9,0,4.1,1,3.0,2.0,1
423,3.6,4.0,0.5,0,4.7,2,1.0,1.0,0
424,4.1,3.8,1.9,1,7.6,1,1.0,10.0,0
425,4.5,1.7,0.4,0,7.8,0,4.0,2.0,1
426,3.8,0.9,1.0,0,5.9,2,5.0,8.0,0
427,2.9,2.3,0.8,1,7.3,1,5.0,8.0,0
428,2.3,1.5,3.2,0,8.2,2,1.0,3.0,0
429,3.6,2.4,1.4,0,8.6,1,2.0,7.0,0
430,1.9,4.0,3.0,0,6.2,0,0.0,7.0,1
431,0.0,2.0,2.5,0,3.7,0,4.0,2.0,0
432,4.2,2.4,4.3,0,5.5,1,0.0,9.0,0
433,4.9,2.6,0.2,0,6.0,2,1.0,3.0,1
434,0.0,3.5,3.2,0,6.2,1,3.0,2.0,0
435,2.0,0.0,3.1,0,6.3,2,6.0,3.0,1
436,4.4,1.8,0.7,0,7.8,2,4.0,2.0,1
437,6.6,2.8,2.9,0,8.0,2,1.0,8.0,0
438,3.5,3.9,2.2,0,6.3,1,2.0,5.0,1
439,2.4,1.9,1.5,0,7.8,2,6.0,3.0,0
440,3.2,0.2,0.9,0,6.9,1,4.0,5.0,0
441,5.6,3.2,1.0,0,6.6,1,4.0,8.0,0
442,2.5,1.7,4.1,0,7.6,0,5.0,7.0,0
443,2.3,1.1,1.8,1,6.6,1,3.0,6.0,0
444,2.8,1.8,2.7,0,9.0,0,4.0,1.0,1
445,2.1,2.3,0.9,0,4.8,2,3.0,10.0,0
446,3.7,1.8,0.9,1,5.9,1,1.0,1.0,0
447,5.9,0.0,3.0,0,6.3,1,2.0,1.0,1
448,4.0,3.6,0.3,0,7.0,2,6.0,10.0,1
449,3.1,4.0,1.3,0,8.0,1,6.0,8.0,1
450,3.1,3.3,1.8,0,6.5,1,2.0,8.0,0
451,1.2,1.1,1.9,0,4.8,0,4.0,7.0,0
452,4.8,2.3,1.6,1,7.5,2,4.0,6.0,0
453,3.4,2.5,2.2,0,7.4,0,1.0,4.0,0
454,3.2,3.2,2.6,1,4.2,1,5.0,1.0,0
455,8.3,3.3,2.6,1,6.5,1,5.0,9.0,0
456,3.9,1.6,0.7,1,4.6,2,5.0,1.0,0
457,2.4,2.6,1.5,0,5.7,2,3.0,4.0,0
458,2.9,3.0,3.1,0,5.4,2,5.0,3.0,0
459,5.2,4.2,2.8,1,7.5,0,2.0,7.0,0
460,3.7,3.3,0.3,1,6.6,1,6.0,5.0,0
461,1.3,3.4,2.2,0,5.0,1,6.0,5.0,0
462,4.9,2.6,0.0,1,7.6,0,3.0,4.0,0
463,2.5,4.2,1.9,1,4.8,1,1.0,1.0,0
464,6.3,3.0,3.9,1,6.9,1,2.0,5.0,0
465,5.1,1.5,0.8,0,5.5,1,6.0,4.0,0
466,2.8,4.2,0.9,0,6.1,2,2.0,10.0,0
467,5.4,3.3,2.6,0,7.1,1,6.0,8.0,0
468,3.6,2.0,0.1,0,7.1,2,0.0,2.0,1
469,4.8,1.9,1.1,0,8.1,1,1.0,8.0,1
470,4.2,2.9,2.5,0,6.4,1,1.0,1.0,0
471,2.2,3.1,1.1,0,6.9,1,0.0,4.0,0
472,2.5,2.7,1.5,0,6.0,0,3.0,3.0,0
473,5.0,2.9,2.6,0,6.7,0,6.0,5.0,0
474,3.0,4.5,2.3,1,7.0,1,6.0,5.0,0
475,2.9,3.8,2.1,0,6.4,2,6.0,5.0,1
476,2.1,2.7,1.4,0,4.3,2,5.0,4.0,1
477,4.1,3.6,2.2,0,6.9,0,5.0,8.0,0
478,6.6,1.3,1.7,0,6.9,2,5.0,3.0,1
479,1.9,3.0,2.3,0,5.7,2,5.0,4.0,0
480,3.5,4.7,1.3,1,5.0,2,5.0,1.0,0
481,5.6,2.2,1.6,0,8.3,2,0.0,7.0,0
482,3.4,1.5,0.7,0,7.1,1,1.0,1.0,0
483,4.2,1.7,1.8,0,6.2,1,3.0,2.0,0
484,1.9,1.2,0.9,0,5.1,1,2.0,7.0,1
485,4.1,1.6,0.6,0,5.5,1,5.0,1.0,0
486,3.2,2.1,2.1,0,8.1,1,0.0,3.0,0
487,5.0,0.8,2.0,0,6.7,1,6.0,6.0,1
488,5.3,2.5,2.7,1,5.8,2,3.0,6.0,1
489,7.4,3.6,1.3,0,7.1,2,3.0,6.0,1
490,4.4,1.4,2.2,0,5.5,2,3.0,2.0,1
491,4.0,4.3,2.4,0,8.3,2,0.0,2.0,0
492,3.8,3.1,2.3,0,8.1,2,2.0,6.0,0
493,3.0,3.7,0.9,0,5.9,0,5.0,10.0,0
494,4.0,1.7,2.0,0,5.7,1,3.0,5.0,0
495,3.1,3.5,2.2,0,3.4,1,0.0,7.0,0
496,3.8,1.2,1.8,0,4.7,2,6.0,7.0,0
497,5.5,3.6,0.0,0,4.9,1,1.0,5.0,0
498,2.0,2.7,2.0,0,6.7,2,6.0,8.0,0
499,5.2,3.2,4.2,1,6.1,0,0.0,10.0,0
500,5.5,1.1,1.4,0,4.9,1,0.0,6.0,0
501,3.3,1.4,1.0,0,6.2,2,0.0,5.0,0
502,0.3,3.2,2.2,0,7.1,0,3.0,4.0,1
503,2.6,1.4,2.1,1,7.1,1,0.0,7.0,0
504,5.4,3.1,3.1,0,4.2,1,1.0,4.0,0
505,3.5,0.9,0.4,0,6.3,1,3.0,5.0,1
506,2.0,3.5,2.6,0,4.8,2,6.0,5.0,0
507,2.7,1.0,2.4,0,7.6,1,1.0,1.0,0
508,4.8,3.2,1.6,0,7.4,1,4.0,1.0,1
509,4.3,3.3,2.2,0,5.4,0,6.0,3.0,0
510,3.1,1.7,2.9,1,5.6,2,0.0,3.0,1
511,2.9,3.2,2.8,0,5.9,1,5.0,2.0,0
512,2.9,2.8,0.5,0,3.8,2,5.0,2.0,1
513,2.1,1.9,2.7,1,6.9,2,3.0,6.0,0
514,5.9,1.3,1.7,0,6.2,1,5.0,1.0,1
515,3.0,0.1,1.9,0,7.7,2,6.0,6.0,1
516,5.3,2.9,1.9,0,5.2,2,3.0,5.0,1
517,5.8,0.6,1.6,0,5.8,1,6.0,6.0,0
518,5.0,2.6,3.1,0,4.7,0,0.0,5.0,0
519,2.9,2.2,1.7,1,5.3,2,2.0,7.0,0
520,4.1,3.3,0.6,1,5.1,2,2.0,1.0,0
521,3.5,2.1,1.4,0,7.7,1,1.0,3.0,0
522,2.1,2.1,2.0,0,5.7,1,0.0,6.0,1
523,4.0,3.4,3.2,0,6.6,2,5.0,1.0,0
524,1.7,2.9,2.5,0,6.0,2,0.0,7.0,1
525,5.3,2.9,0.9,0,5.0,2,4.0,4.0,0
526,2.8,3.1,4.5,0,6.3,1,2.0,3.0,0
527,3.8,0.7,2.1,0,7.2,2,5.0,10.0,0
528,3.9,3.4,3.2,0,5.1,1,6.0,9.0,1
529,3.1,3.2,1.6,0,7.5,1,6.0,1.0,0
530,4.4,1.3,2.4,0,5.5,2,2.0,8.0,1
531,2.8,2.2,2.7,0,5.9,2,0.0,1.0,1
532,4.8,2.5,3.1,1,7.1,1,5.0,5.0,1
533,1.5,2.3,3.0,0,5.7,1,1.0,10.0,0
534,3.7,2.9,2.8,0,6.5,2,6.0,8.0,0
535,6.4,4.2,1.5,1,6.1,1,0.0,6.0,0
536,2.0,3.8,1.2,0,6.7,2,1.0,7.0,1
537,2.5,0.9,2.2,1,3.6,2,5.0,8.0,0
538,4.3,3.2,2.8,0,4.3,0,2.0,6.0,0
539,3.8,4.1,1.6,0,7.2,2,4.0,6.0,1
540,4.0,3.0,3.0,0,7.7,2,3.0,6.0,1
541,4.2,3.8,3.4,1,5.4,2,2.0,5.0,0
542,4.5,4.9,0.8,0,6.2,2,1.0,8.0,0
543,5.2,3.7,0.9,0,6.9,2,0.0,2.0,0
544,4.1,2.8,1.6,0,7.3,0,6.0,7.0,0
545,3.1,3.8,2.1,0,4.1,1,5.0,4.0,1
546,4.5,2.7,1.2,1,5.4,2,2.0,1.0,1
547,6.3,2.5,3.3,0,6.1,1,6.0,5.0,0
548,3.3,2.1,2.3,0,7.3,0,6.0,3.0,0
549,2.0,4.4,1.8,0,9.5,2,4.0,4.0,0
550,5.2,1.5,0.2,1,6.2,2,5.0,7.0,0
551,3.3,4.3,0.4,1,4.8,0,1.0,5.0,0
552,0.2,3.1,2.1,1,7.0,2,5.0,4.0,1
553,4.8,0.8,0.0,0,8.1,2,5.0,1.0,0
554,2.7,2.9,2.9,0,6.6,1,0.0,6.0,0
555,3.4,0.0,1.6,0,5.4,2,3.0,10.0,1
556,4.0,3.3,5.4,0,7.6,1,6.0,6.0,0
557,3.8,3.6,4.3,0,7.3,0,1.0,7.0,1
558,4.6,1.8,1.6,0,5.3,1,0.0,1.0,1
559,2.8,2.6,1.7,0,7.0,1,6.0,4.0,0
560,4.3,4.8,2.9,1,7.7,1,3.0,9.0,0
561,3.1,1.9,3.7,0,7.9,2,0.0,10.0,1
562,4.6,1.2,0.0,0,6.4,2,3.0,6.0,0
563,4.4,4.3,0.0,1,6.1,1,3.0,2.0,0
564,2.1,4.9,1.1,0,8.0,2,3.0,4.0,0
565,5.1,2.5,2.4,0,5.0,0,0.0,6.0,0
566,2.7,3.7,2.3,0,7.0,0,5.0,4.0,1
567,4.7,4.1,3.0,0,4.9,2,3.0,10.0,1
568,4.1,1.6,0.5,0,7.8,0,5.0,7.0,1
569,6.3,1.9,0.0,0,6.2,1,6.0,3.0,1
570,3.2,4.0,2.7,0,8.0,2,6.0,6.0,1
571,3.0,4.5,0.9,0,7.1,1,1.0,4.0,1
572,3.5,3.2,0.0,0,5.0,2,4.0,3.0,0
573,3.0,1.4,2.0,0,8.2,1,5.0,3.0,0
574,4.7,4.9,2.7,0,8.4,0,6.0,2.0,0
575,1.1,1.9,1.7,0,7.6,1,4.0,3.0,1
576,1.9,2.1,1.3,0,5.6,1,3.0,10.0,0
577,1.9,2.9,1.6,1,6.1,1,4.0,1.0,1
578,4.9,4.4,1.4,1,6.7,1,4.0,3.0,0
579,6.1,3.5,0.3,1,5.7,2,3.0,9.0,1
580,3.3,3.0,1.0,0,8.5,2,5.0,4.0,0
581,3.2,3.1,2.4,0,6.7,1,3.0,3.0,0
582,3.6,2.6,2.2,0,3.3,1,1.0,8.0,0
583,5.2,3.2,2.0,0,6.9,1,2.0,1.0,1
584,2.1,0.0,0.7,0,6.1,2,0.0,5.0,0
585,3.9,2.1,1.6,0,6.4,2,3.0,1.0,0
586,5.0,2.8,0.0,1,6.1,1,3.0,7.0,1
587,4.3,1.1,2.0,0,7.5,2,4.0,5.0,0
588,3.8,3.0,3.4,0,7.8,1,1.0,2.0,0
589,5.0,2.3,0.2,0,6.8,0,6.0,1.0,0
590,0.0,4.6,1.2,0,6.1,0,6.0,7.0,0
591,4.5,4.4,2.2,0,6.5,1,4.0,1.0,0
592,2.5,1.9,3.2,1,6.5,1,5.0,3.0,0
593,0.8,2.3,1.3,1,5.5,0,3.0,6.0,0
594,4.3,2.4,1.0,1,7.2,2,3.0,6.0,0
595,5.6,2.0,0.0,0,7.1,1,4.0,7.0,0
596,3.3,2.7,1.9,0,8.3,1,3.0,1.0,0
597,4.9,1.6,4.0,0,8.0,1,5.0,7.0,0
598,5.9,1.1,2.1,1,5.7,0,2.0,2.0,1
599,5.5,3.2,1.8,0,7.5,1,0.0,6.0,0
600,6.0,3.3,2.2,0,5.4,1,0.0,8.0,1
601,4.6,1.5,1.8,0,7.3,1,0.0,5.0,1
602,3.6,3.6,0.9,0,5.9,0,2.0,10.0,1
603,1.1,1.7,2.7,0,5.3,1,3.0,3.0,0
604,3.1,2.8,2.0,0,6.8,0,4.0,8.0,1
605,2.2,3.5,1.8,0,3.3,2,6.0,8.0,0
606,6.8,2.5,0.7,0,4.4,2,1.0,4.0,0
607,3.2,3.0,3.2,0,6.3,0,3.0,8.0,1
608,3.7,1.9,2.5,0,6.6,1,2.0,5.0,1
609,4.3,2.3,1.2,0,6.1,0,5.0,5.0,0
610,3.6,2.3,2.9,0,4.6,1,2.0,3.0,0
611,6.0,1.6,1.3,0,5.5,1,6.0,7.0,0
612,2.6,2.3,0.9,0,7.0,1,0.0,9.0,0
613,3.8,0.6,1.0,0,7.2,1,3.0,9.0,0
614,2.4,1.9,0.0,0,6.5,2,6.0,1.0,0
615,1.5,2.2,2.3,0,7.9,1,0.0,1.0,0
616,2.6,2.2,0.0,0,7.0,1,1.0,10.0,0
617,3.4,2.2,0.4,0,5.6,1,5.0,5.0,0
618,2.9,2.4,0.0,0,6.2,2,0.0,1.0,1
619,2.5,3.1,1.7,0,4.8,2,1.0,4.0,0
620,1.4,3.5,1.6,0,6.4,1,2.0,1.0,0
621,3.4,1.7,1.4,0,7.8,2,0.0,2.0,0
622,1.2,1.1,0.7,0,7.3,1,0.0,2.0,1
623,4.6,1.2,0.5,0,8.2,2,4.0,4.0,0
624,3.6,1.9,2.3,0,6.1,2,5.0,8.0,1
625,1.3,2.1,1.2,0,8.1,0,5.0,2.0,1
626,3.0,1.6,2.1,0,6.3,2,6.0,9.0,1
627,2.4,0.9,0.8,0,8.3,1,2.0,9.0,0
628,4.0,2.0,2.0,0,6.5,1,4.0,2.0,1
629,5.5,2.7,3.2,1,7.3,1,6.0,1.0,0
630,0.7,3.2,2.4,0,8.3,2,1.0,10.0,1
631,3.7,1.8,1.3,0,6.3,1,6.0,10.0,0
632,3.3,2.0,2.1,0,6.8,0,1.0,9.0,1
633,4.5,1.4,1.5,0,8.0,2,2.0,2.0,1
634,3.8,2.5,1.8,0,6.3,0,5.0,8.0,0
635,2.4,1.5,1.4,0,4.9,0,1.0,3.0,0
636,3.0,3.2,1.6,0,9.1,1,2.0,1.0,1
637,2.3,0.4,2.0,0,5.9,1,6.0,1.0,1
638,5.1,2.1,0.7,1,6.7,1,1.0,10.0,1
639,3.5,2.9,0.7,0,7.9,0,3.0,2.0,0
640,6.4,2.7,0.3,1,5.8,2,0.0,7.0,0
641,3.4,5.7,0.0,0,5.3,2,6.0,6.0,0
642,2.4,2.9,0.5,0,6.8,1,5.0,2.0,1
643,1.2,1.3,2.0,0,4.3,1,6.0,4.0,0
644,0.8,2.4,0.8,0,6.2,1,3.0,2.0,1
645,1.1,0.4,2.4,1,6.8,2,2.0,1.0,1
646,3.9,2.4,1.8,0,6.2,0,2.0,3.0,0
647,4.3,1.5,0.0,0,4.6,0,6.0,4.0,0
648,1.1,3.6,2.5,0,8.4,2,3.0,10.0,1
649,4.8,1.8,2.7,0,6.6,1,6.0,5.0,0
650,2.8,2.4,0.7,0,8.2,1,0.0,5.0,0
651,3.7,1.7,2.3,1,6.2,2,0.0,7.0,0
652,5.9,4.6,0.9,0,5.4,2,4.0,10.0,0
653,4.8,2.1,1.9,0,6.8,1,1.0,8.0,0
654,3.1,4.7,0.4,0,6.2,2,4.0,9.0,0
655,2.2,3.5,0.0,0,5.1,0,0.0,7.0,0
656,0.3,3.1,1.4,1,8.3,2,3.0,5.0,0
657,2.4,2.9,1.7,0,5.8,1,1.0,9.0,1
658,3.2,3.0,1.4,1,4.3,2,3.0,8.0,0
659,2.0,0.2,0.5,0,8.1,2,4.0,10.0,1
660,3.3,2.2,1.4,0,5.9,2,2.0,9.0,1
661,3.6,3.5,2.1,0,5.8,2,3.0,10.0,0
662,3.2,2.4,1.8,0,4.4,1,4.0,8.0,1
663,2.5,0.8,2.0,0,8.6,1,4.0,6.0,0
664,3.8,2.4,1.1,0,5.0,1,4.0,4.0,0
665,4.2,4.5,3.1,0,6.6,2,2.0,9.0,0
666,1.9,4.0,0.5,1,7.6,2,2.0,9.0,1
667,5.6,2.4,2.3,0,7.0,1,6.0,10.0,1
668,3.4,3.6,3.1,0,6.4,2,2.0,10.0,0
669,3.5,2.1,2.3,0,4.5,2,1.0,9.0,0
670,4.6,0.5,1.6,0,5.5,2,2.0,10.0,1
671,3.8,1.4,1.2,0,6.7,2,2.0,3.0,1
672,4.9,4.4,2.9,0,5.6,1,2.0,3.0,0
673,3.9,2.2,0.2,0,6.7,0,3.0,6.0,1
674,2.6,2.2,0.7,0,7.3,0,2.0,6.0,0
675,4.0,2.1,1.4,0,7.7,1,1.0,6.0,0
676,1.8,4.8,3.2,0,5.0,2,4.0,5.0,0
677,3.7,4.5,2.2,0,9.1,2,3.0,5.0,0
678,3.5,5.2,0.7,1,7.4,2,0.0,2.0,1
679,3.2,2.3,1.5,0,6.5,2,2.0,7.0,0
680,3.3,2.9,1.1,0,7.8,0,6.0,4.0,0
681,0.7,0.7,1.0,0,9.3,0,6.0,3.0,0
682,2.7,4.3,2.9,0,4.8,0,4.0,8.0,0
683,3.6,1.1,0.3,1,6.2,1,4.0,4.0,0
684,3.7,2.8,3.6,0,3.6,1,3.0,4.0,1
685,2.0,1.2,2.7,0,6.7,0,6.0,8.0,0
686,5.4,1.8,3.0,1,6.9,1,0.0,1.0,0
687,2.2,1.5,1.3,1,6.5,0,5.0,9.0,0
688,5.0,1.8,1.6,0,5.7,2,6.0,7.0,0
689,4.1,1.9,0.2,0,4.0,1,6.0,2.0,0
690,2.5,1.8,1.2,1,6.9,1,1.0,6.0,0
691,6.2,3.5,2.3,0,8.2,1,5.0,8.0,0
692,1.7,1.2,3.2,0,5.8,2,4.0,5.0,1
693,4.9,2.8,0.6,0,7.0,1,5.0,6.0,0
694,5.0,4.0,1.4,0,4.6,1,6.0,10.0,0
695,2.5,1.9,1.6,0,7.0,2,4.0,8.0,0
696,5.6,1.6,0.3,0,6.0,1,5.0,6.0,0
697,3.1,2.2,2.5,0,5.6,2,4.0,9.0,0
698,3.9,3.9,1.0,0,5.6,1,4.0,9.0,0
699,3.9,2.7,1.6,0,6.0,1,3.0,9.0,0
700,3.3,1.9,1.3,0,7.0,0,0.0,6.0,1
701,4.7,3.1,0.9,0,4.9,2,4.0,9.0,1
702,4.7,1.2,1.8,0,6.0,1,1.0,3.0,0
703,0.9,3.3,1.6,1,6.5,0,6.0,5.0,0
704,5.5,3.0,1.4,0,5.2,1,6.0,2.0,1
705,1.0,2.1,1.0,0,8.7,1,1.0,8.0,1
706,5.0,1.5,2.2,0,5.5,0,2.0,4.0,0
707,5.2,1.4,3.6,0,5.7,2,4.0,6.0,0
708,1.9,3.1,2.0,0,5.3,2,4.0,6.0,0
709,2.9,4.0,2.9,0,8.7,0,4.0,5.0,1
710,1.8,1.7,0.3,0,7.2,1,5.0,1.0,0
711,3.2,3.1,2.0,0,5.4,2,4.0,7.0,0
712,3.0,0.0,0.6,1,7.8,1,4.0,10.0,0
713,4.7,1.8,0.2,1,6.7,1,1.0,8.0,0
714,5.5,2.5,1.0,0,6.8,1,0.0,1.0,1
715,5.6,1.4,3.1,0,6.1,2,0.0,10.0,0
716,2.7,1.4,2.8,0,5.6,2,2.0,7.0,1
717,3.2,1.7,2.1,1,6.9,2,1.0,4.0,1
718,1.0,2.9,0.1,0,5.8,0,4.0,6.0,0
719,2.3,2.3,1.6,1,8.7,1,0.0,9.0,0
720,4.9,0.0,2.1,1,5.0,2,3.0,5.0,0
721,5.9,0.0,2.0,1,8.3,0,3.0,8.0,0
722,1.6,1.8,0.0,0,6.4,2,3.0,5.0,0
723,2.6,3.0,0.8,0,6.9,2,4.0,2.0,0
724,3.5,0.0,1.7,0,7.5,0,4.0,4.0,1
725,3.9,1.9,2.4,0,5.7,2,2.0,2.0,0
726,2.3,1.9,0.0,1,7.5,1,6.0,7.0,1
727,4.1,4.2,1.6,0,3.3,2,2.0,7.0,0
728,2.8,2.0,2.0,0,5.6,1,2.0,3.0,1
729,3.5,3.0,2.7,0,5.4,1,5.0,7.0,0
730,4.3,2.7,2.6,1,5.0,2,3.0,1.0,0
731,3.5,0.0,2.4,0,6.2,2,4.0,1.0,0
732,2.8,3.4,0.9,0,7.0,0,3.0,9.0,0
733,3.3,2.8,0.0,0,7.3,1,2.0,6.0,0
734,3.4,3.1,1.4,0,6.8,0,4.0,5.0,0
735,2.9,7.2,2.9,1,5.7,1,1.0,6.0,0
736,3.1,0.0,3.3,0,6.9,1,0.0,6.0,0
737,5.9,4.6,2.6,1,6.6,1,0.0,1.0,1
738,4.3,2.2,2.3,0,7.6,1,2.0,5.0,1
739,3.1,2.8,2.2,0,7.4,0,6.0,9.0,1
740,4.5,2.4,1.2,1,6.5,0,3.0,4.0,1
741,3.0,2.0,1.7,0,5.4,0,1.0,3.0,0
742,5.3,1.8,3.6,0,5.7,1,4.0,1.0,1
743,4.1,2.9,0.8,1,5.8,2,6.0,2.0,1
744,3.3,0.7,3.6,0,6.1,0,3.0,3.0,1
745,4.2,3.4,1.4,0,6.8,2,2.0,4.0,0
746,1.1,2.0,3.3,0,7.4,2,3.0,7.0,0
747,1.8,1.1,0.3,0,6.4,2,2.0,6.0,0
748,1.7,2.0,2.4,0,6.5,2,5.0,8.0,0
749,3.7,4.0,1.0,0,6.7,2,0.0,9.0,1
750,6.1,1.9,0.2,0,5.9,0,6.0,6.0,0
751,6.8,2.9,2.0,0,5.4,1,0.0,7.0,0
752,4.5,1.6,2.9,1,4.4,2,3.0,4.0,1
753,4.3,3.4,0.9,0,5.7,1,1.0,2.0,0
754,0.8,3.3,0.2,0,7.1,2,4.0,9.0,0
755,2.7,4.7,1.7,1,5.7,0,2.0,9.0,0
756,2.3,2.3,1.7,0,6.2,2,4.0,4.0,0
757,2.6,3.3,2.4,0,7.1,1,0.0,3.0,1
758,3.2,2.6,2.8,0,7.1,1,1.0,10.0,1
759,2.8,4.1,1.7,1,5.2,1,1.0,6.0,1
760,0.5,1.6,3.8,1,7.7,2,4.0,3.0,1
761,4.6,3.4,2.0,0,7.9,2,0.0,1.0,1
762,1.9,2.3,1.4,0,5.1,1,4.0,4.0,0
763,3.9,2.4,0.0,1,5.5,2,3.0,1.0,1
764,6.6,2.6,1.5,0,7.9,1,1.0,2.0,0
765,2.1,2.8,1.4,1,6.3,0,1.0,3.0,0
766,0.0,2.4,2.9,0,3.8,0,3.0,8.0,0
767,3.1,2.8,2.3,0,4.8,0,0.0,10.0,0
768,5.2,4.4,0.5,0,6.2,1,1.0,4.0,0
769,6.4,3.7,2.0,0,5.1,1,6.0,4.0,0
770,1.7,3.5,2.5,0,6.0,2,5.0,10.0,0
771,4.2,2.0,3.5,0,6.5,2,5.0,9.0,0
772,2.8,1.4,2.8,0,8.3,0,5.0,7.0,0
773,3.3,3.6,2.6,0,6.2,1,2.0,2.0,1
774,7.5,3.6,1.9,1,7.8,1,6.0,3.0,0
775,1.2,4.3,2.2,0,8.2,1,2.0,4.0,0
776,3.9,1.8,3.2,0,8.2,0,0.0,4.0,0
777,4.2,2.2,0.3,1,6.8,0,3.0,10.0,1
778,5.1,0.5,1.4,0,4.1,2,4.0,8.0,0
779,3.6,2.0,1.0,1,7.1,2,6.0,10.0,0
780,4.0,3.7,2.2,0,7.8,0,0.0,10.0,1
781,2.9,1.9,3.2,0,6.4,1,4.0,6.0,0
782,3.9,3.3,1.1,1,8.6,1,0.0,3.0,0
783,3.0,2.3,0.0,0,7.5,2,2.0,9.0,0
784,4.4,2.9,1.3,0,7.2,1,5.0,10.0,0
785,2.9,1.1,2.8,0,7.8,0,3.0,8.0,0
786,4.1,2.6,2.4,0,6.9,2,2.0,9.0,0
787,3.5,0.0,2.3,0,3.5,1,3.0,5.0,1
788,5.2,2.3,1.5,0,5.9,1,6.0,3.0,0
789,3.4,0.5,0.4,0,7.9,1,4.0,4.0,0
790,0.8,3.9,2.4,0,5.5,1,0.0,5.0,0
791,5.4,3.4,0.9,0,6.2,1,1.0,9.0,0
792,2.1,3.1,4.2,0,5.2,1,1.0,9.0,1
793,2.5,4.3,2.4,0,8.6,1,3.0,3.0,0
794,2.6,1.4,1.2,0,8.5,0,5.0,7.0,0
795,5.6,4.6,1.1,0,5.4,2,5.0,6.0,1
796,0.3,3.6,1.7,0,6.7,0,3.0,4.0,1
797,8.2,2.2,1.5,0,5.7,0,2.0,5.0,1
798,5.1,3.9,3.0,0,7.2,2,1.0,10.0,0
799,3.8,1.2,2.0,0,7.1,2,2.0,2.0,1
800,3.4,1.5,1.0,0,7.5,2,4.0,7.0,1
801,3.9,1.8,3.9,0,6.9,1,1.0,4.0,0
802,4.3,1.9,1.9,0,10.0,1,4.0,2.0,0
803,4.5,1.2,2.6,0,5.3,2,0.0,6.0,1
804,4.3,4.0,1.1,1,4.4,2,2.0,2.0,1
805,3.6,2.2,2.2,0,6.0,1,3.0,10.0,1
806,3.2,2.9,2.1,0,4.6,2,1.0,2.0,1
807,3.3,1.8,0.0,0,4.7,0,2.0,7.0,1
808,3.2,0.3,4.0,1,5.3,2,3.0,1.0,0
809,5.2,2.8,3.2,0,5.4,2,0.0,7.0,1
810,4.4,0.2,1.4,0,5.4,2,1.0,10.0,0
811,0.0,2.4,0.6,1,7.1,2,4.0,5.0,0
812,4.5,0.9,2.2,0,5.9,2,0.0,1.0,0
813,3.8,4.9,1.9,0,6.3,0,5.0,6.0,0
814,3.5,3.6,2.2,0,7.6,1,3.0,7.0,0
815,2.9,2.6,2.0,0,5.6,0,1.0,1.0,0
816,5.2,4.0,2.4,0,6.2,1,1.0,9.0,0
817,4.9,1.5,3.4,0,6.9,2,6.0,7.0,1
818,2.3,3.2,2.4,0,4.2,1,6.0,1.0,1
819,4.1,2.7,0.6,0,3.6,1,0.0,3.0,0
820,2.0,2.8,3.3,0,6.9,1,1.0,5.0,0
821,1.4,4.0,3.6,0,7.1,2,3.0,4.0,0
822,2.6,3.4,5.3,0,9.0,0,0.0,2.0,0
823,4.8,2.8,0.6,0,6.7,1,4.0,1.0,0
824,4.9,0.5,2.1,0,7.5,0,0.0,4.0,0
825,4.3,1.3,0.0,1,6.3,2,0.0,7.0,0
826,4.6,2.4,2.4,0,6.9,0,4.0,4.0,0
827,4.3,2.6,1.2,0,8.5,2,5.0,9.0,0
828,2.5,1.1,3.9,0,4.0,1,6.0,8.0,0
829,4.1,5.4,0.9,0,7.0,0,3.0,8.0,1
830,4.7,4.3,0.0,0,9.1,2,5.0,5.0,0
831,4.6,3.2,1.3,0,6.8,0,5.0,1.0,1
832,5.3,2.6,0.0,1,8.5,1,5.0,9.0,1
833,4.6,2.2,2.6,0,5.7,0,6.0,2.0,0
834,4.0,1.4,0.0,1,6.5,1,2.0,6.0,1
835,5.1,2.6,1.8,0,6.5,1,6.0,10.0,0
836,3.5,2.8,0.0,0,3.8,1,5.0,5.0,1
837,2.2,1.0,1.4,0,5.1,0,2.0,10.0,0
838,3.3,2.9,3.6,0,5.2,1,4.0,8.0,1
839,2.4,2.3,2.2,0,7.5,2,6.0,3.0,0
840,2.5,0.2,0.9,1,7.5,2,3.0,6.0,1
841,3.3,1.5,1.8,1,6.9,1,5.0,6.0,0
842,2.3,2.0,1.8,0,7.5,1,1.0,10.0,0
843,3.0,4.8,2.3,1,6.3,1,4.0,3.0,0
844,0.7,3.2,0.3,1,7.9,1,2.0,7.0,1
845,3.8,0.9,2.5,0,6.5,0,6.0,4.0,1
846,3.5,3.1,0.0,0,6.6,1,3.0,5.0,1
847,2.3,0.6,1.1,0,6.2,1,0.0,9.0,0
848,4.5,3.8,1.3,0,7.3,1,3.0,6.0,0
849,4.9,1.9,2.5,0,6.0,1,3.0,10.0,0
850,1.1,2.4,1.8,0,7.7,2,5.0,4.0,1
851,2.4,4.1,0.3,0,5.1,0,5.0,8.0,0
852,2.3,1.0,0.7,0,5.2,2,6.0,9.0,0
853,2.1,0.8,2.0,0,7.3,2,6.0,10.0,1
854,4.7,1.8,1.7,0,6.4,1,2.0,5.0,0
855,3.2,3.7,1.2,0,6.0,1,6.0,2.0,0
856,3.1,0.7,1.3,1,7.6,1,2.0,6.0,1
857,0.5,0.0,2.6,1,5.8,0,5.0,8.0,1
858,4.5,2.0,1.2,1,6.3,1,5.0,5.0,1
859,1.6,3.2,1.7,0,8.2,2,1.0,1.0,0
860,3.6,3.9,4.2,0,8.3,0,1.0,8.0,1
861,3.9,1.9,0.2,0,8.4,1,4.0,9.0,1
862,5.5,2.0,0.0,0,6.2,2,5.0,1.0,0
863,1.5,3.9,2.7,0,8.0,2,0.0,8.0,1
864,0.0,0.3,1.1,1,5.4,1,1.0,10.0,1
865,3.8,2.0,1.4,0,5.4,2,2.0,2.0,0
866,6.2,2.7,0.9,0,3.7,1,3.0,4.0,1
867,5.4,3.0,1.5,0,8.5,0,6.0,2.0,0
868,3.8,1.9,3.6,0,5.5,1,6.0,2.0,0
869,2.8,2.5,2.7,1,6.3,1,4.0,10.0,0
870,4.7,0.0,2.7,1,5.4,2,1.0,3.0,0
871,2.0,1.7,0.2,1,7.3,0,3.0,8.0,1
872,4.2,3.0,0.5,0,6.0,1,3.0,4.0,0
873,4.3,1.3,0.0,0,4.9,1,1.0,7.0,0
874,5.1,2.6,0.9,0,7.0,1,0.0,10.0,0
875,7.6,3.0,2.9,0,4.8,0,0.0,3.0,0
876,4.1,2.1,2.4,0,5.5,1,4.0,10.0,0
877,2.7,2.7,1.6,0,4.0,2,0.0,3.0,0
878,3.5,1.3,1.8,1,4.8,1,4.0,2.0,0
879,0.8,2.3,1.0,0,6.7,1,2.0,6.0,0
880,2.5,3.2,2.0,0,4.1,1,1.0,6.0,0
881,2.9,2.7,2.6,1,4.7,1,3.0,1.0,0
882,2.7,1.8,0.0,0,6.5,1,4.0,7.0,0
883,3.7,2.8,2.1,0,5.8,2,6.0,4.0,0
884,2.3,3.4,2.8,0,8.9,2,0.0,3.0,0
885,5.2,0.0,1.3,0,8.7,1,6.0,8.0,0
886,3.5,3.9,2.6,0,5.5,1,4.0,2.0,1
887,3.5,2.1,4.9,0,7.2,2,5.0,9.0,0
888,3.0,3.0,1.7,1,7.4,1,4.0,8.0,1
889,3.7,3.9,2.2,1,5.8,1,0.0,8.0,0
890,4.7,0.9,1.0,1,4.7,1,5.0,3.0,0
891,2.2,1.6,2.0,1,6.5,2,5.0,4.0,1
892,2.5,2.2,2.3,0,6.3,1,0.0,2.0,0
893,3.0,1.6,2.0,0,6.0,2,5.0,2.0,0
894,1.5,4.6,0.7,1,7.0,2,1.0,4.0,1
895,2.3,1.5,2.0,0,5.6,1,3.0,6.0,0
896,2.8,1.8,3.4,1,5.1,2,6.0,5.0,0
897,4.8,2.7,2.3,0,6.6,2,1.0,1.0,1
898,3.9,1.1,2.9,0,7.0,1,1.0,10.0,0
899,3.8,2.0,1.5,0,5.1,0,0.0,1.0,0
900,4.8,2.9,2.6,0,7.6,0,0.0,6.0,1
901,3.3,2.1,2.1,0,4.4,1,6.0,3.0,1
902,4.1,2.4,0.8,0,5.8,1,3.0,3.0,0
903,3.3,1.9,2.2,0,6.2,1,4.0,7.0,0
904,3.9,0.7,0.7,1,5.7,0,1.0,1.0,1
905,2.6,2.9,1.1,1,5.8,2,5.0,1.0,1
906,0.0,4.6,2.0,1,8.7,1,3.0,10.0,0
907,3.3,2.5,2.1,0,5.5,1,1.0,3.0,0
908,5.6,2.8,0.5,1,9.4,1,4.0,8.0,0
909,4.9,3.3,3.0,0,7.0,1,5.0,1.0,0
910,4.9,1.0,2.4,0,6.6,1,1.0,10.0,0
911,5.4,4.5,1.0,0,7.1,1,2.0,4.0,0
912,3.6,2.7,0.1,0,9.5,0,6.0,9.0,0
913,3.8,4.5,1.6,1,5.3,2,3.0,4.0,0
914,2.6,1.6,1.3,1,5.2,2,6.0,10.0,0
915,3.0,4.7,1.9,0,5.6,1,0.0,8.0,0
916,4.4,3.4,1.4,0,6.5,2,1.0,7.0,0
917,5.3,3.2,0.0,0,4.4,2,5.0,3.0,0
918,3.3,2.8,1.4,1,6.5,0,5.0,7.0,0
919,2.8,2.2,1.5,0,8.5,2,3.0,7.0,1
920,3.5,3.9,2.5,1,6.7,2,3.0,10.0,0
921,4.4,2.7,1.0,0,6.1,1,6.0,3.0,0
922,1.3,0.1,3.6,0,5.8,0,5.0,2.0,1
923,0.1,1.2,0.0,0,7.6,0,5.0,9.0,0
924,2.7,2.3,3.2,1,5.5,0,5.0,1.0,1
925,1.7,2.9,1.6,1,8.7,2,1.0,7.0,0
926,2.7,2.4,2.7,0,8.8,1,5.0,4.0,1
927,3.3,4.0,1.9,0,6.8,2,0.0,2.0,0
928,2.8,0.2,3.1,0,6.5,2,5.0,2.0,0
929,5.7,2.7,1.4,0,7.7,2,0.0,8.0,1
930,4.0,0.3,0.6,0,7.8,2,1.0,7.0,0
931,4.0,3.4,3.4,1,5.5,0,3.0,7.0,1
932,4.4,2.4,1.7,0,5.9,1,0.0,5.0,0
933,1.8,3.0,2.0,0,4.9,2,1.0,10.0,0
934,5.1,1.5,3.2,0,7.0,0,5.0,8.0,1
935,3.4,4.0,0.7,1,7.3,0,1.0,2.0,0
936,4.5,3.8,2.5,0,4.9,2,5.0,2.0,1
937,1.9,3.2,1.2,0,6.0,2,6.0,5.0,0
938,1.2,2.3,1.7,0,4.9,1,1.0,1.0,0
939,4.7,3.2,1.9,0,5.4,2,3.0,6.0,0
940,4.1,1.7,0.1,1,7.2,2,0.0,4.0,0
941,2.1,3.5,0.9,0,5.6,1,6.0,6.0,0
942,2.2,4.5,3.3,0,6.1,0,3.0,7.0,0
943,5.2,3.8,2.8,0,4.5,2,2.0,3.0,0
944,1.7,1.6,1.7,0,6.7,1,5.0,8.0,1
945,6.0,2.9,2.1,1,6.4,0,0.0,7.0,0
946,2.1,0.9,1.5,0,5.6,1,3.0,1.0,1
947,4.5,3.2,3.3,1,6.3,2,0.0,6.0,1
948,3.0,3.0,1.6,0,6.7,1,2.0,7.0,0
949,4.4,0.3,2.1,0,5.5,1,4.0,4.0,0
950,2.7,1.1,3.1,0,4.7,1,5.0,2.0,0
951,3.3,2.2,0.9,0,8.7,2,5.0,10.0,0
952,3.6,2.1,3.5,1,5.7,0,1.0,9.0,0
953,2.0,1.0,0.1,0,6.4,1,5.0,7.0,0
954,4.6,3.0,3.6,0,7.7,2,5.0,1.0,1
955,2.7,2.8,1.4,1,10.0,0,3.0,8.0,0
956,3.2,2.3,1.5,0,5.0,2,6.0,3.0,0
957,2.0,1.6,0.0,0,7.0,2,5.0,4.0,0
958,0.0,3.8,1.3,1,5.7,2,5.0,5.0,0
959,3.2,4.5,0.7,0,5.9,1,2.0,1.0,0
960,7.1,1.9,1.1,1,5.6,2,6.0,6.0,0
961,4.7,1.8,1.6,0,5.1,2,2.0,10.0,0
962,3.5,3.1,2.9,1,6.5,2,0.0,6.0,0
963,3.1,2.1,2.0,0,4.7,0,0.0,2.0,0
964,3.5,2.3,2.1,0,7.6,2,5.0,10.0,1
965,4.3,3.4,0.6,0,6.6,1,5.0,6.0,1
966,1.7,0.2,0.8,0,7.0,0,1.0,8.0,1
967,5.2,4.1,3.8,0,5.9,1,0.0,6.0,0
968,4.6,2.6,1.0,0,6.1,2,3.0,4.0,0
969,4.6,2.0,3.6,1,6.8,1,5.0,4.0,0
970,4.2,2.4,1.5,0,5.1,1,3.0,9.0,1
971,3.5,2.5,1.8,0,6.1,2,5.0,6.0,0
972,4.5,0.4,3.0,0,5.5,1,3.0,8.0,0
973,4.4,4.3,3.2,0,5.4,2,4.0,8.0,0
974,3.0,2.5,1.7,0,4.0,1,3.0,7.0,0
975,2.6,3.0,1.4,0,8.1,1,6.0,3.0,0
976,3.7,3.6,1.7,0,5.7,2,0.0,10.0,1
977,5.8,1.3,2.2,1,7.9,2,5.0,1.0,1
978,1.6,3.1,2.8,0,7.8,1,0.0,5.0,1
979,1.3,2.2,1.8,0,5.0,2,6.0,10.0,0
980,3.7,3.5,2.5,0,5.2,0,6.0,10.0,1
981,3.6,0.0,3.6,0,9.6,1,3.0,2.0,0
982,3.8,2.4,2.2,1,8.6,1,2.0,10.0,0
983,3.9,1.8,2.1,0,6.5,0,2.0,2.0,0
984,3.2,3.0,0.1,0,6.8,1,6.0,7.0,0
985,5.7,3.1,0.0,1,5.7,1,2.0,3.0,1
986,1.1,1.7,2.2,0,7.0,0,5.0,8.0,0
987,2.3,1.6,1.7,1,5.6,1,1.0,9.0,0
988,3.3,2.4,1.2,0,4.1,1,4.0,8.0,1
989,1.0,1.4,2.1,1,4.9,1,3.0,6.0,0
990,3.2,3.5,1.7,0,6.5,2,1.0,5.0,0
991,6.0,2.1,3.0,0,5.1,2,2.0,3.0,0
992,3.5,0.0,1.9,0,6.4,1,3.0,3.0,0
993,3.8,2.1,1.0,0,5.2,2,1.0,7.0,0
994,1.6,1.3,2.9,0,5.6,2,0.0,5.0,0
995,2.6,0.5,1.6,0,7.5,1,2.0,6.0,1
996,2.9,1.0,2.4,1,6.8,0,1.0,6.0,1
997,3.0,2.6,1.3,0,6.5,2,5.0,9.0,1
998,5.4,4.1,1.1,1,7.6,1,0.0,1.0,0
999,4.3,2.9,1.9,0,7.1,2,2.0,8.0,0
1000,3.0,4.0,1.0,1,7.0,2,2.0,8.0,1
1001,5.0,8.0,0.0,0,4.0,0,4.0,4.0,0
1002,7.0,2.0,0.0,0,7.0,1,1.0,7.0,1
1003,8.5,2.0,3.9,0,5.9,1,0.0,6.0,1
